[049月2025 21:59:00.741] [main/INFO] [cpw.mods.modlauncher.Launcher/MODLAUNCHER]: ModLauncher running: args [--launchTarget, forgedatauserdev, --assetIndex, 5, --assetsDir, C:\Users\26852\.gradle\caches\forge_gradle\assets, --gameDir, ., --fml.forgeVersion, 47.4.0, --fml.mcVersion, 1.20.1, --fml.forgeGroup, net.minecraftforge, --fml.mcpVersion, 20230612.114412, --mod, orecrop, --all, --output, D:\McMod20\OreCrop-20\src\generated\resources, --existing, D:\McMod20\OreCrop-20\src\main\resources]
[049月2025 21:59:00.741] [main/INFO] [cpw.mods.modlauncher.Launcher/MODLAUNCHER]: ModLauncher 10.0.9+10.0.9+main.dcd20f30 starting: java version 17.0.11 by Oracle Corporation; OS Windows 11 arch amd64 version 10.0
[049月2025 21:59:00.771] [main/DEBUG] [cpw.mods.modlauncher.LaunchServiceHandler/MODLAUNCHER]: Found launch services [fmlclientdev,forgeclient,minecraft,forgegametestserverdev,fmlserveruserdev,fmlclient,fmldatauserdev,forgeserverdev,forgeserveruserdev,forgeclientdev,forgeclientuserdev,forgeserver,forgedatadev,fmlserver,fmlclientuserdev,fmlserverdev,forgedatauserdev,testharness,forgegametestserveruserdev]
[049月2025 21:59:00.783] [main/DEBUG] [cpw.mods.modlauncher.NameMappingServiceHandler/MODLAUNCHER]: Found naming services : [srgtomcp]
[049月2025 21:59:00.790] [main/DEBUG] [cpw.mods.modlauncher.LaunchPluginHandler/MODLAUNCHER]: Found launch plugins: [mixin,eventbus,slf4jfixer,object_holder_definalize,runtime_enum_extender,capability_token_subclass,accesstransformer,runtimedistcleaner]
[049月2025 21:59:00.802] [main/DEBUG] [cpw.mods.modlauncher.TransformationServicesHandler/MODLAUNCHER]: Discovering transformation services
[049月2025 21:59:00.802] [main/DEBUG] [net.minecraftforge.fml.loading.FMLPaths/CORE]: Path GAMEDIR is D:\McMod20\OreCrop-20\run-data
[049月2025 21:59:00.802] [main/DEBUG] [net.minecraftforge.fml.loading.FMLPaths/CORE]: Path MODSDIR is D:\McMod20\OreCrop-20\run-data\mods
[049月2025 21:59:00.802] [main/DEBUG] [net.minecraftforge.fml.loading.FMLPaths/CORE]: Path CONFIGDIR is D:\McMod20\OreCrop-20\run-data\config
[049月2025 21:59:00.802] [main/DEBUG] [net.minecraftforge.fml.loading.FMLPaths/CORE]: Path FMLCONFIG is D:\McMod20\OreCrop-20\run-data\config\fml.toml
[049月2025 21:59:00.832] [main/DEBUG] [cpw.mods.modlauncher.TransformationServicesHandler/MODLAUNCHER]: Found additional transformation services from discovery services: 
[049月2025 21:59:00.842] [main/INFO] [net.minecraftforge.fml.loading.ImmediateWindowHandler/]: ImmediateWindowProvider not loading because launch target is forgedatauserdev
[049月2025 21:59:00.842] [main/DEBUG] [cpw.mods.modlauncher.TransformationServicesHandler/MODLAUNCHER]: Found transformer services : [mixin,fml]
[049月2025 21:59:00.842] [main/DEBUG] [cpw.mods.modlauncher.TransformationServicesHandler/MODLAUNCHER]: Transformation services loading
[049月2025 21:59:00.842] [main/DEBUG] [cpw.mods.modlauncher.TransformationServiceDecorator/MODLAUNCHER]: Loading service mixin
[049月2025 21:59:00.842] [main/DEBUG] [cpw.mods.modlauncher.TransformationServiceDecorator/MODLAUNCHER]: Loaded service mixin
[049月2025 21:59:00.842] [main/DEBUG] [cpw.mods.modlauncher.TransformationServiceDecorator/MODLAUNCHER]: Loading service fml
[049月2025 21:59:00.842] [main/DEBUG] [net.minecraftforge.fml.loading.LauncherVersion/CORE]: Found FMLLauncher version 1.0
[049月2025 21:59:00.842] [main/DEBUG] [net.minecraftforge.fml.loading.FMLLoader/CORE]: FML 1.0 loading
[049月2025 21:59:00.842] [main/DEBUG] [net.minecraftforge.fml.loading.FMLLoader/CORE]: FML found ModLauncher version : 10.0.9+10.0.9+main.dcd20f30
[049月2025 21:59:00.842] [main/DEBUG] [net.minecraftforge.fml.loading.FMLLoader/CORE]: Requesting CoreMods to not apply the fix for ASMAPI.findFirstInstructionBefore by default
[049月2025 21:59:00.842] [main/DEBUG] [net.minecraftforge.fml.loading.FMLLoader/CORE]: FML found AccessTransformer version : 8.0.4+66+master.c09db6d7
[049月2025 21:59:00.842] [main/DEBUG] [net.minecraftforge.fml.loading.FMLLoader/CORE]: FML found EventBus version : 6.0.5+6.0.5+master.eb8e549b
[049月2025 21:59:00.842] [main/DEBUG] [net.minecraftforge.fml.loading.FMLLoader/CORE]: Found Runtime Dist Cleaner
[049月2025 21:59:00.842] [main/DEBUG] [net.minecraftforge.coremod.CoreModEngine/]: CoreMods will preserve legacy behavior of ASMAPI.findFirstInstructionBefore for backwards-compatibility
[049月2025 21:59:00.842] [main/DEBUG] [net.minecraftforge.fml.loading.FMLLoader/CORE]: FML found CoreMod version : 5.2.4
[049月2025 21:59:00.842] [main/DEBUG] [net.minecraftforge.fml.loading.FMLLoader/CORE]: Found ForgeSPI package implementation version 7.0.1+7.0.1+master.d2b38bf6
[049月2025 21:59:00.842] [main/DEBUG] [net.minecraftforge.fml.loading.FMLLoader/CORE]: Found ForgeSPI package specification 5
[049月2025 21:59:00.842] [main/DEBUG] [cpw.mods.modlauncher.TransformationServiceDecorator/MODLAUNCHER]: Loaded service fml
[049月2025 21:59:00.842] [main/DEBUG] [cpw.mods.modlauncher.TransformationServicesHandler/MODLAUNCHER]: Configuring option handling for services
[049月2025 21:59:00.859] [main/DEBUG] [cpw.mods.modlauncher.TransformationServicesHandler/MODLAUNCHER]: Transformation services initializing
[049月2025 21:59:00.859] [main/DEBUG] [cpw.mods.modlauncher.TransformationServiceDecorator/MODLAUNCHER]: Initializing transformation service mixin
[049月2025 21:59:00.861] [main/DEBUG] [mixin/]: MixinService [ModLauncher] was successfully booted in cpw.mods.cl.ModuleClassLoader@15eb5ee5
[049月2025 21:59:00.878] [main/INFO] [mixin/]: SpongePowered MIXIN Subsystem Version=0.8.5 Source=union:/C:/Users/26852/.gradle/caches/modules-2/files-2.1/org.spongepowered/mixin/0.8.5/9d1c0c3a304ae6697ecd477218fa61b850bf57fc/mixin-0.8.5.jar%23128!/ Service=ModLauncher Env=CLIENT
[049月2025 21:59:00.880] [main/DEBUG] [mixin/]: Initialising Mixin Platform Manager
[049月2025 21:59:00.880] [main/DEBUG] [mixin/]: Adding mixin platform agents for container ModLauncher Root Container(ModLauncher:4f56a0a2)
[049月2025 21:59:00.880] [main/DEBUG] [mixin/]: Instancing new MixinPlatformAgentMinecraftForge for ModLauncher Root Container(ModLauncher:4f56a0a2)
[049月2025 21:59:00.880] [main/DEBUG] [mixin/]: MixinPlatformAgentMinecraftForge rejected container ModLauncher Root Container(ModLauncher:4f56a0a2)
[049月2025 21:59:00.880] [main/DEBUG] [mixin/]: Instancing new MixinPlatformAgentDefault for ModLauncher Root Container(ModLauncher:4f56a0a2)
[049月2025 21:59:00.880] [main/DEBUG] [mixin/]: MixinPlatformAgentDefault accepted container ModLauncher Root Container(ModLauncher:4f56a0a2)
[049月2025 21:59:00.882] [main/DEBUG] [cpw.mods.modlauncher.TransformationServiceDecorator/MODLAUNCHER]: Initialized transformation service mixin
[049月2025 21:59:00.883] [main/DEBUG] [cpw.mods.modlauncher.TransformationServiceDecorator/MODLAUNCHER]: Initializing transformation service fml
[049月2025 21:59:00.883] [main/DEBUG] [net.minecraftforge.fml.loading.FMLServiceProvider/CORE]: Setting up basic FML game directories
[049月2025 21:59:00.883] [main/DEBUG] [net.minecraftforge.fml.loading.FMLPaths/CORE]: Path GAMEDIR is D:\McMod20\OreCrop-20\run-data
[049月2025 21:59:00.883] [main/DEBUG] [net.minecraftforge.fml.loading.FMLPaths/CORE]: Path MODSDIR is D:\McMod20\OreCrop-20\run-data\mods
[049月2025 21:59:00.883] [main/DEBUG] [net.minecraftforge.fml.loading.FMLPaths/CORE]: Path CONFIGDIR is D:\McMod20\OreCrop-20\run-data\config
[049月2025 21:59:00.883] [main/DEBUG] [net.minecraftforge.fml.loading.FMLPaths/CORE]: Path FMLCONFIG is D:\McMod20\OreCrop-20\run-data\config\fml.toml
[049月2025 21:59:00.883] [main/DEBUG] [net.minecraftforge.fml.loading.FMLServiceProvider/CORE]: Loading configuration
[049月2025 21:59:00.883] [main/DEBUG] [net.minecraftforge.fml.loading.FMLServiceProvider/CORE]: Preparing ModFile
[049月2025 21:59:00.889] [main/DEBUG] [net.minecraftforge.fml.loading.FMLServiceProvider/CORE]: Preparing launch handler
[049月2025 21:59:00.889] [main/DEBUG] [net.minecraftforge.fml.loading.FMLLoader/CORE]: Using forgedatauserdev as launch service
[049月2025 21:59:00.894] [main/DEBUG] [net.minecraftforge.fml.loading.FMLLoader/CORE]: Received command line version data  : VersionInfo[forgeVersion=47.4.0, mcVersion=1.20.1, mcpVersion=20230612.114412, forgeGroup=net.minecraftforge]
[049月2025 21:59:00.894] [main/DEBUG] [cpw.mods.modlauncher.TransformationServiceDecorator/MODLAUNCHER]: Initialized transformation service fml
[049月2025 21:59:00.894] [main/DEBUG] [cpw.mods.modlauncher.NameMappingServiceHandler/MODLAUNCHER]: Current naming domain is 'mcp'
[049月2025 21:59:00.894] [main/DEBUG] [cpw.mods.modlauncher.NameMappingServiceHandler/MODLAUNCHER]: Identified name mapping providers {srg=srgtomcp:1234}
[049月2025 21:59:00.894] [main/DEBUG] [cpw.mods.modlauncher.TransformationServicesHandler/MODLAUNCHER]: Transformation services begin scanning
[049月2025 21:59:00.894] [main/DEBUG] [cpw.mods.modlauncher.TransformationServiceDecorator/MODLAUNCHER]: Beginning scan trigger - transformation service mixin
[049月2025 21:59:00.900] [main/DEBUG] [cpw.mods.modlauncher.TransformationServiceDecorator/MODLAUNCHER]: End scan trigger - transformation service mixin
[049月2025 21:59:00.900] [main/DEBUG] [cpw.mods.modlauncher.TransformationServiceDecorator/MODLAUNCHER]: Beginning scan trigger - transformation service fml
[049月2025 21:59:00.900] [main/DEBUG] [net.minecraftforge.fml.loading.FMLServiceProvider/CORE]: Initiating mod scan
[049月2025 21:59:00.900] [main/DEBUG] [net.minecraftforge.fml.loading.moddiscovery.ModListHandler/CORE]: Found mod coordinates from lists: []
[049月2025 21:59:00.900] [main/DEBUG] [net.minecraftforge.fml.loading.moddiscovery.ModDiscoverer/CORE]: Found Mod Locators : (mods folder:null),(maven libs:null),(exploded directory:null),(minecraft:null),(userdev classpath:null)
[049月2025 21:59:00.900] [main/DEBUG] [net.minecraftforge.fml.loading.moddiscovery.ModDiscoverer/CORE]: Found Dependency Locators : (JarInJar:null)
[049月2025 21:59:00.918] [main/DEBUG] [net.minecraftforge.fml.loading.targets.CommonLaunchHandler/CORE]: Got mod coordinates orecrop%%D:/McMod20/OreCrop-20\build\resources\main;orecrop%%D:/McMod20/OreCrop-20\build\classes\java\main from env
[049月2025 21:59:00.920] [main/DEBUG] [net.minecraftforge.fml.loading.targets.CommonLaunchHandler/CORE]: Found supplied mod coordinates [{orecrop=[D:\McMod20\OreCrop-20\build\resources\main, D:\McMod20\OreCrop-20\build\classes\java\main]}]
[049月2025 21:59:01.147] [main/DEBUG] [net.minecraftforge.fml.loading.moddiscovery.ModFileInfo/LOADING]: Found valid mod file forge-1.20.1-47.4.0_mapped_official_1.20.1.jar with {minecraft} mods - versions {1.20.1}
[049月2025 21:59:01.162] [main/DEBUG] [net.minecraftforge.fml.loading.moddiscovery.ModFileParser/LOADING]: Considering mod file candidate C:\Users\26852\.gradle\caches\modules-2\files-2.1\net.minecraftforge\javafmllanguage\1.20.1-47.4.0\f0c0b352173d0a378cbdcec9cfc4ba65899a721\javafmllanguage-1.20.1-47.4.0.jar
[049月2025 21:59:01.162] [main/WARN] [net.minecraftforge.fml.loading.moddiscovery.ModFileParser/LOADING]: Mod file C:\Users\26852\.gradle\caches\modules-2\files-2.1\net.minecraftforge\javafmllanguage\1.20.1-47.4.0\f0c0b352173d0a378cbdcec9cfc4ba65899a721\javafmllanguage-1.20.1-47.4.0.jar is missing mods.toml file
[049月2025 21:59:01.162] [main/DEBUG] [net.minecraftforge.fml.loading.moddiscovery.ModFileParser/LOADING]: Considering mod file candidate C:\Users\26852\.gradle\caches\modules-2\files-2.1\net.minecraftforge\lowcodelanguage\1.20.1-47.4.0\e862740d8c84d08dbfedea412bef88fe42e727c5\lowcodelanguage-1.20.1-47.4.0.jar
[049月2025 21:59:01.162] [main/WARN] [net.minecraftforge.fml.loading.moddiscovery.ModFileParser/LOADING]: Mod file C:\Users\26852\.gradle\caches\modules-2\files-2.1\net.minecraftforge\lowcodelanguage\1.20.1-47.4.0\e862740d8c84d08dbfedea412bef88fe42e727c5\lowcodelanguage-1.20.1-47.4.0.jar is missing mods.toml file
[049月2025 21:59:01.162] [main/DEBUG] [net.minecraftforge.fml.loading.moddiscovery.ModFileParser/LOADING]: Considering mod file candidate C:\Users\26852\.gradle\caches\modules-2\files-2.1\net.minecraftforge\mclanguage\1.20.1-47.4.0\5719b3a297a33f877ed5dde4cb4bd75c859096af\mclanguage-1.20.1-47.4.0.jar
[049月2025 21:59:01.162] [main/WARN] [net.minecraftforge.fml.loading.moddiscovery.ModFileParser/LOADING]: Mod file C:\Users\26852\.gradle\caches\modules-2\files-2.1\net.minecraftforge\mclanguage\1.20.1-47.4.0\5719b3a297a33f877ed5dde4cb4bd75c859096af\mclanguage-1.20.1-47.4.0.jar is missing mods.toml file
[049月2025 21:59:01.162] [main/DEBUG] [net.minecraftforge.fml.loading.moddiscovery.ModFileParser/LOADING]: Considering mod file candidate C:\Users\26852\.gradle\caches\modules-2\files-2.1\net.minecraftforge\fmlcore\1.20.1-47.4.0\235975dafa4309945b59c56b53f31dc5b65a6051\fmlcore-1.20.1-47.4.0.jar
[049月2025 21:59:01.162] [main/WARN] [net.minecraftforge.fml.loading.moddiscovery.ModFileParser/LOADING]: Mod file C:\Users\26852\.gradle\caches\modules-2\files-2.1\net.minecraftforge\fmlcore\1.20.1-47.4.0\235975dafa4309945b59c56b53f31dc5b65a6051\fmlcore-1.20.1-47.4.0.jar is missing mods.toml file
[049月2025 21:59:01.178] [main/DEBUG] [net.minecraftforge.fml.loading.moddiscovery.ModFileParser/LOADING]: Considering mod file candidate D:\McMod20\OreCrop-20\build\resources\main
[049月2025 21:59:01.178] [main/DEBUG] [net.minecraftforge.fml.loading.moddiscovery.ModFileInfo/LOADING]: Found valid mod file main with {orecrop} mods - versions {1.20.1-0.1-b1}
[049月2025 21:59:01.178] [main/DEBUG] [net.minecraftforge.fml.loading.moddiscovery.ModFileParser/LOADING]: Considering mod file candidate /
[049月2025 21:59:01.178] [main/DEBUG] [net.minecraftforge.fml.loading.moddiscovery.ModFileInfo/LOADING]: Found valid mod file  with {forge} mods - versions {47.4.0}
[049月2025 21:59:01.210] [main/DEBUG] [net.minecraftforge.fml.loading.moddiscovery.ModFileParser/LOADING]: Considering mod file candidate C:\Users\26852\.gradle\caches\forge_gradle\deobf_dependencies\curse\maven\ice-and-fire-dragons-264231\5633453_mapped_official_1.20.1\ice-and-fire-dragons-264231-5633453_mapped_official_1.20.1.jar
[049月2025 21:59:01.210] [main/DEBUG] [net.minecraftforge.fml.loading.moddiscovery.ModFileInfo/LOADING]: Found valid mod file ice-and-fire-dragons-264231-5633453_mapped_official_1.20.1.jar with {iceandfire} mods - versions {2.1.13-1.20.1}
[049月2025 21:59:01.210] [main/DEBUG] [net.minecraftforge.fml.loading.moddiscovery.ModFileParser/LOADING]: Considering mod file candidate C:\Users\26852\.gradle\caches\forge_gradle\deobf_dependencies\curse\maven\jade-324717\4986594_mapped_official_1.20.1\jade-324717-4986594_mapped_official_1.20.1.jar
[049月2025 21:59:01.210] [main/DEBUG] [net.minecraftforge.fml.loading.moddiscovery.ModFileInfo/LOADING]: Found valid mod file jade-324717-4986594_mapped_official_1.20.1.jar with {jade} mods - versions {11.7.1}
[049月2025 21:59:01.210] [main/DEBUG] [net.minecraftforge.fml.loading.moddiscovery.ModFileParser/LOADING]: Considering mod file candidate C:\Users\26852\.gradle\caches\forge_gradle\deobf_dependencies\curse\maven\avaritia-endless-624491\6878622_mapped_official_1.20.1\avaritia-endless-624491-6878622_mapped_official_1.20.1.jar
[049月2025 21:59:01.210] [main/DEBUG] [net.minecraftforge.fml.loading.moddiscovery.ModFileInfo/LOADING]: Found valid mod file avaritia-endless-624491-6878622_mapped_official_1.20.1.jar with {endless} mods - versions {1.20.1-0.1-B6}
[049月2025 21:59:01.210] [main/DEBUG] [net.minecraftforge.fml.loading.moddiscovery.ModFileParser/LOADING]: Considering mod file candidate C:\Users\26852\.gradle\caches\forge_gradle\deobf_dependencies\vazkii\patchouli\Patchouli\1.20.1-84.1-FORGE_mapped_official_1.20.1\Patchouli-1.20.1-84.1-FORGE_mapped_official_1.20.1.jar
[049月2025 21:59:01.210] [main/DEBUG] [net.minecraftforge.fml.loading.moddiscovery.ModFileInfo/LOADING]: Found valid mod file Patchouli-1.20.1-84.1-FORGE_mapped_official_1.20.1.jar with {patchouli} mods - versions {1.20.1-84.1-FORGE}
[049月2025 21:59:01.226] [main/DEBUG] [net.minecraftforge.fml.loading.moddiscovery.ModFileParser/LOADING]: Considering mod file candidate C:\Users\26852\.gradle\caches\forge_gradle\deobf_dependencies\vazkii\botania\Botania\1.20.1-448-FORGE_mapped_official_1.20.1\Botania-1.20.1-448-FORGE_mapped_official_1.20.1.jar
[049月2025 21:59:01.226] [main/DEBUG] [net.minecraftforge.fml.loading.moddiscovery.ModFileInfo/LOADING]: Found valid mod file Botania-1.20.1-448-FORGE_mapped_official_1.20.1.jar with {botania} mods - versions {1.20.1-448-FORGE}
[049月2025 21:59:01.226] [main/DEBUG] [net.minecraftforge.fml.loading.moddiscovery.ModFileParser/LOADING]: Considering mod file candidate C:\Users\26852\.gradle\caches\forge_gradle\deobf_dependencies\curse\maven\citadel-331936\6702068_mapped_official_1.20.1\citadel-331936-6702068_mapped_official_1.20.1.jar
[049月2025 21:59:01.226] [main/DEBUG] [net.minecraftforge.fml.loading.moddiscovery.ModFileInfo/LOADING]: Found valid mod file citadel-331936-6702068_mapped_official_1.20.1.jar with {citadel} mods - versions {2.6.2}
[049月2025 21:59:01.226] [main/DEBUG] [net.minecraftforge.fml.loading.moddiscovery.ModFileParser/LOADING]: Considering mod file candidate C:\Users\26852\.gradle\caches\forge_gradle\deobf_dependencies\curse\maven\curios-309927\6418456_mapped_official_1.20.1\curios-309927-6418456_mapped_official_1.20.1.jar
[049月2025 21:59:01.226] [main/DEBUG] [net.minecraftforge.fml.loading.moddiscovery.ModFileInfo/LOADING]: Found valid mod file curios-309927-6418456_mapped_official_1.20.1.jar with {curios} mods - versions {5.14.1+1.20.1}
[049月2025 21:59:01.242] [main/DEBUG] [net.minecraftforge.fml.loading.moddiscovery.ModFileParser/LOADING]: Considering mod file candidate C:\Users\26852\.gradle\caches\forge_gradle\deobf_dependencies\curse\maven\codechicken-lib-1-8-242818\5753868_mapped_official_1.20.1\codechicken-lib-1-8-242818-5753868_mapped_official_1.20.1.jar
[049月2025 21:59:01.242] [main/DEBUG] [net.minecraftforge.fml.loading.moddiscovery.ModFileInfo/LOADING]: Found valid mod file codechicken-lib-1-8-242818-5753868_mapped_official_1.20.1.jar with {codechickenlib} mods - versions {4.4.0.516}
[049月2025 21:59:01.242] [main/DEBUG] [net.minecraftforge.fml.loading.moddiscovery.ModFileParser/LOADING]: Considering mod file candidate C:\Users\26852\.gradle\caches\forge_gradle\deobf_dependencies\curse\maven\brandons-core-231382\5422013_mapped_official_1.20.1\brandons-core-231382-5422013_mapped_official_1.20.1.jar
[049月2025 21:59:01.242] [main/DEBUG] [net.minecraftforge.fml.loading.moddiscovery.ModFileInfo/LOADING]: Found valid mod file brandons-core-231382-5422013_mapped_official_1.20.1.jar with {brandonscore} mods - versions {3.2.1.302}
[049月2025 21:59:01.242] [main/DEBUG] [net.minecraftforge.fml.loading.moddiscovery.ModFileParser/LOADING]: Considering mod file candidate C:\Users\26852\.gradle\caches\forge_gradle\deobf_dependencies\curse\maven\draconic-evolution-223565\6793843_mapped_official_1.20.1\draconic-evolution-223565-6793843_mapped_official_1.20.1.jar
[049月2025 21:59:01.242] [main/DEBUG] [net.minecraftforge.fml.loading.moddiscovery.ModFileInfo/LOADING]: Found valid mod file draconic-evolution-223565-6793843_mapped_official_1.20.1.jar with {draconicevolution} mods - versions {3.1.2.621}
[049月2025 21:59:01.242] [main/DEBUG] [net.minecraftforge.fml.loading.moddiscovery.ModFileParser/LOADING]: Considering mod file candidate C:\Users\26852\.gradle\caches\forge_gradle\deobf_dependencies\mezz\jei\jei-1.20.1-forge\15.2.0.27_mapped_official_1.20.1\jei-1.20.1-forge-15.2.0.27_mapped_official_1.20.1.jar
[049月2025 21:59:01.242] [main/DEBUG] [net.minecraftforge.fml.loading.moddiscovery.ModFileInfo/LOADING]: Found valid mod file jei-1.20.1-forge-15.2.0.27_mapped_official_1.20.1.jar with {jei} mods - versions {15.2.0.27}
[049月2025 21:59:01.258] [main/DEBUG] [net.minecraftforge.fml.loading.moddiscovery.ModFileParser/LOADING]: Considering mod file candidate C:\Users\26852\.gradle\caches\forge_gradle\deobf_dependencies\curse\maven\ice-and-fire-dragons-264231\5633453_mapped_official_1.20.1\ice-and-fire-dragons-264231-5633453_mapped_official_1.20.1.jar
[049月2025 21:59:01.258] [main/DEBUG] [net.minecraftforge.fml.loading.moddiscovery.ModFileInfo/LOADING]: Found valid mod file ice-and-fire-dragons-264231-5633453_mapped_official_1.20.1.jar with {iceandfire} mods - versions {2.1.13-1.20.1}
[049月2025 21:59:01.258] [main/DEBUG] [net.minecraftforge.fml.loading.moddiscovery.ModFileParser/LOADING]: Considering mod file candidate C:\Users\26852\.gradle\caches\forge_gradle\deobf_dependencies\curse\maven\jade-324717\4986594_mapped_official_1.20.1\jade-324717-4986594_mapped_official_1.20.1.jar
[049月2025 21:59:01.258] [main/DEBUG] [net.minecraftforge.fml.loading.moddiscovery.ModFileInfo/LOADING]: Found valid mod file jade-324717-4986594_mapped_official_1.20.1.jar with {jade} mods - versions {11.7.1}
[049月2025 21:59:01.274] [main/DEBUG] [net.minecraftforge.fml.loading.moddiscovery.ModFileParser/LOADING]: Considering mod file candidate C:\Users\26852\.gradle\caches\forge_gradle\deobf_dependencies\curse\maven\avaritia-endless-624491\6878622_mapped_official_1.20.1\avaritia-endless-624491-6878622_mapped_official_1.20.1.jar
[049月2025 21:59:01.274] [main/DEBUG] [net.minecraftforge.fml.loading.moddiscovery.ModFileInfo/LOADING]: Found valid mod file avaritia-endless-624491-6878622_mapped_official_1.20.1.jar with {endless} mods - versions {1.20.1-0.1-B6}
[049月2025 21:59:01.274] [main/DEBUG] [net.minecraftforge.fml.loading.moddiscovery.ModFileParser/LOADING]: Considering mod file candidate C:\Users\26852\.gradle\caches\forge_gradle\deobf_dependencies\vazkii\patchouli\Patchouli\1.20.1-84.1-FORGE_mapped_official_1.20.1\Patchouli-1.20.1-84.1-FORGE_mapped_official_1.20.1.jar
[049月2025 21:59:01.274] [main/DEBUG] [net.minecraftforge.fml.loading.moddiscovery.ModFileInfo/LOADING]: Found valid mod file Patchouli-1.20.1-84.1-FORGE_mapped_official_1.20.1.jar with {patchouli} mods - versions {1.20.1-84.1-FORGE}
[049月2025 21:59:01.274] [main/DEBUG] [net.minecraftforge.fml.loading.moddiscovery.ModFileParser/LOADING]: Considering mod file candidate C:\Users\26852\.gradle\caches\forge_gradle\deobf_dependencies\vazkii\botania\Botania\1.20.1-448-FORGE_mapped_official_1.20.1\Botania-1.20.1-448-FORGE_mapped_official_1.20.1.jar
[049月2025 21:59:01.274] [main/DEBUG] [net.minecraftforge.fml.loading.moddiscovery.ModFileInfo/LOADING]: Found valid mod file Botania-1.20.1-448-FORGE_mapped_official_1.20.1.jar with {botania} mods - versions {1.20.1-448-FORGE}
[049月2025 21:59:01.274] [main/DEBUG] [net.minecraftforge.fml.loading.moddiscovery.ModFileParser/LOADING]: Considering mod file candidate C:\Users\26852\.gradle\caches\forge_gradle\deobf_dependencies\curse\maven\citadel-331936\6702068_mapped_official_1.20.1\citadel-331936-6702068_mapped_official_1.20.1.jar
[049月2025 21:59:01.274] [main/DEBUG] [net.minecraftforge.fml.loading.moddiscovery.ModFileInfo/LOADING]: Found valid mod file citadel-331936-6702068_mapped_official_1.20.1.jar with {citadel} mods - versions {2.6.2}
[049月2025 21:59:01.274] [main/DEBUG] [net.minecraftforge.fml.loading.moddiscovery.ModFileParser/LOADING]: Considering mod file candidate C:\Users\26852\.gradle\caches\forge_gradle\deobf_dependencies\curse\maven\curios-309927\6418456_mapped_official_1.20.1\curios-309927-6418456_mapped_official_1.20.1.jar
[049月2025 21:59:01.290] [main/DEBUG] [net.minecraftforge.fml.loading.moddiscovery.ModFileInfo/LOADING]: Found valid mod file curios-309927-6418456_mapped_official_1.20.1.jar with {curios} mods - versions {5.14.1+1.20.1}
[049月2025 21:59:01.290] [main/DEBUG] [net.minecraftforge.fml.loading.moddiscovery.ModFileParser/LOADING]: Considering mod file candidate C:\Users\26852\.gradle\caches\forge_gradle\deobf_dependencies\curse\maven\codechicken-lib-1-8-242818\5753868_mapped_official_1.20.1\codechicken-lib-1-8-242818-5753868_mapped_official_1.20.1.jar
[049月2025 21:59:01.290] [main/DEBUG] [net.minecraftforge.fml.loading.moddiscovery.ModFileInfo/LOADING]: Found valid mod file codechicken-lib-1-8-242818-5753868_mapped_official_1.20.1.jar with {codechickenlib} mods - versions {4.4.0.516}
[049月2025 21:59:01.290] [main/DEBUG] [net.minecraftforge.fml.loading.moddiscovery.ModFileParser/LOADING]: Considering mod file candidate C:\Users\26852\.gradle\caches\forge_gradle\deobf_dependencies\curse\maven\brandons-core-231382\5422013_mapped_official_1.20.1\brandons-core-231382-5422013_mapped_official_1.20.1.jar
[049月2025 21:59:01.290] [main/DEBUG] [net.minecraftforge.fml.loading.moddiscovery.ModFileInfo/LOADING]: Found valid mod file brandons-core-231382-5422013_mapped_official_1.20.1.jar with {brandonscore} mods - versions {3.2.1.302}
[049月2025 21:59:01.290] [main/DEBUG] [net.minecraftforge.fml.loading.moddiscovery.ModFileParser/LOADING]: Considering mod file candidate C:\Users\26852\.gradle\caches\forge_gradle\deobf_dependencies\curse\maven\draconic-evolution-223565\6793843_mapped_official_1.20.1\draconic-evolution-223565-6793843_mapped_official_1.20.1.jar
[049月2025 21:59:01.290] [main/DEBUG] [net.minecraftforge.fml.loading.moddiscovery.ModFileInfo/LOADING]: Found valid mod file draconic-evolution-223565-6793843_mapped_official_1.20.1.jar with {draconicevolution} mods - versions {3.1.2.621}
[049月2025 21:59:01.290] [main/DEBUG] [net.minecraftforge.fml.loading.moddiscovery.ModFileParser/LOADING]: Considering mod file candidate C:\Users\26852\.gradle\caches\forge_gradle\deobf_dependencies\mezz\jei\jei-1.20.1-forge\15.2.0.27_mapped_official_1.20.1\jei-1.20.1-forge-15.2.0.27_mapped_official_1.20.1.jar
[049月2025 21:59:01.290] [main/DEBUG] [net.minecraftforge.fml.loading.moddiscovery.ModFileInfo/LOADING]: Found valid mod file jei-1.20.1-forge-15.2.0.27_mapped_official_1.20.1.jar with {jei} mods - versions {15.2.0.27}
[049月2025 21:59:01.306] [main/DEBUG] [net.minecraftforge.fml.loading.UniqueModListBuilder/]: Found 2 mods for first modid jade, selecting most recent based on version data
[049月2025 21:59:01.306] [main/DEBUG] [net.minecraftforge.fml.loading.UniqueModListBuilder/]: Selected file jade-324717-4986594_mapped_official_1.20.1.jar for modid jade with version 11.7.1
[049月2025 21:59:01.306] [main/DEBUG] [net.minecraftforge.fml.loading.UniqueModListBuilder/]: Found 2 mods for first modid endless, selecting most recent based on version data
[049月2025 21:59:01.306] [main/DEBUG] [net.minecraftforge.fml.loading.UniqueModListBuilder/]: Selected file avaritia-endless-624491-6878622_mapped_official_1.20.1.jar for modid endless with version 1.20.1-0.1-B6
[049月2025 21:59:01.306] [main/DEBUG] [net.minecraftforge.fml.loading.UniqueModListBuilder/]: Found 2 mods for first modid iceandfire, selecting most recent based on version data
[049月2025 21:59:01.306] [main/DEBUG] [net.minecraftforge.fml.loading.UniqueModListBuilder/]: Selected file ice-and-fire-dragons-264231-5633453_mapped_official_1.20.1.jar for modid iceandfire with version 2.1.13-1.20.1
[049月2025 21:59:01.306] [main/DEBUG] [net.minecraftforge.fml.loading.UniqueModListBuilder/]: Found 2 mods for first modid jei, selecting most recent based on version data
[049月2025 21:59:01.306] [main/DEBUG] [net.minecraftforge.fml.loading.UniqueModListBuilder/]: Selected file jei-1.20.1-forge-15.2.0.27_mapped_official_1.20.1.jar for modid jei with version 15.2.0.27
[049月2025 21:59:01.306] [main/DEBUG] [net.minecraftforge.fml.loading.UniqueModListBuilder/]: Found 2 mods for first modid botania, selecting most recent based on version data
[049月2025 21:59:01.306] [main/DEBUG] [net.minecraftforge.fml.loading.UniqueModListBuilder/]: Selected file Botania-1.20.1-448-FORGE_mapped_official_1.20.1.jar for modid botania with version 1.20.1-448-FORGE
[049月2025 21:59:01.306] [main/DEBUG] [net.minecraftforge.fml.loading.UniqueModListBuilder/]: Found 2 mods for first modid draconicevolution, selecting most recent based on version data
[049月2025 21:59:01.306] [main/DEBUG] [net.minecraftforge.fml.loading.UniqueModListBuilder/]: Selected file draconic-evolution-223565-6793843_mapped_official_1.20.1.jar for modid draconicevolution with version 3.1.2.621
[049月2025 21:59:01.306] [main/DEBUG] [net.minecraftforge.fml.loading.UniqueModListBuilder/]: Found 2 mods for first modid codechickenlib, selecting most recent based on version data
[049月2025 21:59:01.306] [main/DEBUG] [net.minecraftforge.fml.loading.UniqueModListBuilder/]: Selected file codechicken-lib-1-8-242818-5753868_mapped_official_1.20.1.jar for modid codechickenlib with version 4.4.0.516
[049月2025 21:59:01.306] [main/DEBUG] [net.minecraftforge.fml.loading.UniqueModListBuilder/]: Found 2 mods for first modid curios, selecting most recent based on version data
[049月2025 21:59:01.306] [main/DEBUG] [net.minecraftforge.fml.loading.UniqueModListBuilder/]: Selected file curios-309927-6418456_mapped_official_1.20.1.jar for modid curios with version 5.14.1+1.20.1
[049月2025 21:59:01.306] [main/DEBUG] [net.minecraftforge.fml.loading.UniqueModListBuilder/]: Found 2 mods for first modid patchouli, selecting most recent based on version data
[049月2025 21:59:01.306] [main/DEBUG] [net.minecraftforge.fml.loading.UniqueModListBuilder/]: Selected file Patchouli-1.20.1-84.1-FORGE_mapped_official_1.20.1.jar for modid patchouli with version 1.20.1-84.1-FORGE
[049月2025 21:59:01.306] [main/DEBUG] [net.minecraftforge.fml.loading.UniqueModListBuilder/]: Found 2 mods for first modid brandonscore, selecting most recent based on version data
[049月2025 21:59:01.306] [main/DEBUG] [net.minecraftforge.fml.loading.UniqueModListBuilder/]: Selected file brandons-core-231382-5422013_mapped_official_1.20.1.jar for modid brandonscore with version 3.2.1.302
[049月2025 21:59:01.306] [main/DEBUG] [net.minecraftforge.fml.loading.UniqueModListBuilder/]: Found 2 mods for first modid citadel, selecting most recent based on version data
[049月2025 21:59:01.306] [main/DEBUG] [net.minecraftforge.fml.loading.UniqueModListBuilder/]: Selected file citadel-331936-6702068_mapped_official_1.20.1.jar for modid citadel with version 2.6.2
[049月2025 21:59:01.322] [main/DEBUG] [net.minecraftforge.fml.loading.moddiscovery.AbstractJarFileDependencyLocator/]: Failed to load resource META-INF\jarjar\metadata.json from forge-1.20.1-47.4.0_mapped_official_1.20.1.jar, it does not contain dependency information.
[049月2025 21:59:01.322] [main/DEBUG] [net.minecraftforge.fml.loading.moddiscovery.AbstractJarFileDependencyLocator/]: Failed to load resource META-INF\jarjar\metadata.json from main, it does not contain dependency information.
[049月2025 21:59:01.322] [main/DEBUG] [net.minecraftforge.fml.loading.moddiscovery.AbstractJarFileDependencyLocator/]: Failed to load resource META-INF\jarjar\metadata.json from jade-324717-4986594_mapped_official_1.20.1.jar, it does not contain dependency information.
[049月2025 21:59:01.322] [main/DEBUG] [net.minecraftforge.fml.loading.moddiscovery.AbstractJarFileDependencyLocator/]: Failed to load resource META-INF\jarjar\metadata.json from avaritia-endless-624491-6878622_mapped_official_1.20.1.jar, it does not contain dependency information.
[049月2025 21:59:01.322] [main/DEBUG] [net.minecraftforge.fml.loading.moddiscovery.AbstractJarFileDependencyLocator/]: Failed to load resource META-INF\jarjar\metadata.json from ice-and-fire-dragons-264231-5633453_mapped_official_1.20.1.jar, it does not contain dependency information.
[049月2025 21:59:01.322] [main/DEBUG] [net.minecraftforge.fml.loading.moddiscovery.AbstractJarFileDependencyLocator/]: Failed to load resource META-INF\jarjar\metadata.json from jei-1.20.1-forge-15.2.0.27_mapped_official_1.20.1.jar, it does not contain dependency information.
[049月2025 21:59:01.322] [main/DEBUG] [net.minecraftforge.fml.loading.moddiscovery.AbstractJarFileDependencyLocator/]: Failed to load resource META-INF\jarjar\metadata.json from Botania-1.20.1-448-FORGE_mapped_official_1.20.1.jar, it does not contain dependency information.
[049月2025 21:59:01.322] [main/DEBUG] [net.minecraftforge.fml.loading.moddiscovery.AbstractJarFileDependencyLocator/]: Failed to load resource META-INF\jarjar\metadata.json from draconic-evolution-223565-6793843_mapped_official_1.20.1.jar, it does not contain dependency information.
[049月2025 21:59:01.322] [main/DEBUG] [net.minecraftforge.fml.loading.moddiscovery.AbstractJarFileDependencyLocator/]: Failed to load resource META-INF\jarjar\metadata.json from , it does not contain dependency information.
[049月2025 21:59:01.322] [main/DEBUG] [net.minecraftforge.fml.loading.moddiscovery.AbstractJarFileDependencyLocator/]: Failed to load resource META-INF\jarjar\metadata.json from codechicken-lib-1-8-242818-5753868_mapped_official_1.20.1.jar, it does not contain dependency information.
[049月2025 21:59:01.322] [main/DEBUG] [net.minecraftforge.fml.loading.moddiscovery.AbstractJarFileDependencyLocator/]: Failed to load resource META-INF\jarjar\metadata.json from curios-309927-6418456_mapped_official_1.20.1.jar, it does not contain dependency information.
[049月2025 21:59:01.322] [main/DEBUG] [net.minecraftforge.fml.loading.moddiscovery.AbstractJarFileDependencyLocator/]: Failed to load resource META-INF\jarjar\metadata.json from Patchouli-1.20.1-84.1-FORGE_mapped_official_1.20.1.jar, it does not contain dependency information.
[049月2025 21:59:01.322] [main/DEBUG] [net.minecraftforge.fml.loading.moddiscovery.AbstractJarFileDependencyLocator/]: Failed to load resource META-INF\jarjar\metadata.json from brandons-core-231382-5422013_mapped_official_1.20.1.jar, it does not contain dependency information.
[049月2025 21:59:01.322] [main/DEBUG] [net.minecraftforge.fml.loading.moddiscovery.AbstractJarFileDependencyLocator/]: Failed to load resource META-INF\jarjar\metadata.json from citadel-331936-6702068_mapped_official_1.20.1.jar, it does not contain dependency information.
[049月2025 21:59:01.322] [main/DEBUG] [net.minecraftforge.fml.loading.moddiscovery.AbstractJarFileDependencyLocator/]: Failed to load resource META-INF\jarjar\metadata.json from mclanguage-1.20.1-47.4.0.jar, it does not contain dependency information.
[049月2025 21:59:01.322] [main/DEBUG] [net.minecraftforge.fml.loading.moddiscovery.AbstractJarFileDependencyLocator/]: Failed to load resource META-INF\jarjar\metadata.json from javafmllanguage-1.20.1-47.4.0.jar, it does not contain dependency information.
[049月2025 21:59:01.322] [main/DEBUG] [net.minecraftforge.fml.loading.moddiscovery.AbstractJarFileDependencyLocator/]: Failed to load resource META-INF\jarjar\metadata.json from fmlcore-1.20.1-47.4.0.jar, it does not contain dependency information.
[049月2025 21:59:01.322] [main/DEBUG] [net.minecraftforge.fml.loading.moddiscovery.AbstractJarFileDependencyLocator/]: Failed to load resource META-INF\jarjar\metadata.json from lowcodelanguage-1.20.1-47.4.0.jar, it does not contain dependency information.
[049月2025 21:59:01.350] [main/INFO] [net.minecraftforge.fml.loading.moddiscovery.JarInJarDependencyLocator/]: No dependencies to load found. Skipping!
[049月2025 21:59:01.350] [main/DEBUG] [net.minecraftforge.fml.loading.moddiscovery.ModFileInfo/LOADING]: Found valid mod file forge-1.20.1-47.4.0_mapped_official_1.20.1.jar with {minecraft} mods - versions {1.20.1}
[049月2025 21:59:01.350] [main/DEBUG] [net.minecraftforge.fml.loading.moddiscovery.ModFile/LOADING]: Loading mod file C:\Users\26852\.gradle\caches\forge_gradle\minecraft_user_repo\net\minecraftforge\forge\1.20.1-47.4.0_mapped_official_1.20.1\forge-1.20.1-47.4.0_mapped_official_1.20.1.jar with languages [LanguageSpec[languageName=minecraft, acceptedVersions=1]]
[049月2025 21:59:01.350] [main/DEBUG] [net.minecraftforge.fml.loading.moddiscovery.ModFileParser/LOADING]: Considering mod file candidate D:\McMod20\OreCrop-20\build\resources\main
[049月2025 21:59:01.350] [main/DEBUG] [net.minecraftforge.fml.loading.moddiscovery.ModFileInfo/LOADING]: Found valid mod file main with {orecrop} mods - versions {1.20.1-0.1-b1}
[049月2025 21:59:01.350] [main/DEBUG] [net.minecraftforge.fml.loading.moddiscovery.ModFile/LOADING]: Loading mod file D:\McMod20\OreCrop-20\build\resources\main with languages [LanguageSpec[languageName=javafml, acceptedVersions=[47,)]]
[049月2025 21:59:01.350] [main/DEBUG] [net.minecraftforge.fml.loading.moddiscovery.ModFileParser/LOADING]: Considering mod file candidate C:\Users\26852\.gradle\caches\forge_gradle\deobf_dependencies\curse\maven\jade-324717\4986594_mapped_official_1.20.1\jade-324717-4986594_mapped_official_1.20.1.jar
[049月2025 21:59:01.350] [main/DEBUG] [net.minecraftforge.fml.loading.moddiscovery.ModFileInfo/LOADING]: Found valid mod file jade-324717-4986594_mapped_official_1.20.1.jar with {jade} mods - versions {11.7.1}
[049月2025 21:59:01.350] [main/DEBUG] [net.minecraftforge.fml.loading.moddiscovery.ModFile/LOADING]: Loading mod file C:\Users\26852\.gradle\caches\forge_gradle\deobf_dependencies\curse\maven\jade-324717\4986594_mapped_official_1.20.1\jade-324717-4986594_mapped_official_1.20.1.jar with languages [LanguageSpec[languageName=javafml, acceptedVersions=[46,)]]
[049月2025 21:59:01.350] [main/DEBUG] [net.minecraftforge.fml.loading.moddiscovery.ModFileParser/LOADING]: Considering mod file candidate C:\Users\26852\.gradle\caches\forge_gradle\deobf_dependencies\curse\maven\avaritia-endless-624491\6878622_mapped_official_1.20.1\avaritia-endless-624491-6878622_mapped_official_1.20.1.jar
[049月2025 21:59:01.350] [main/DEBUG] [net.minecraftforge.fml.loading.moddiscovery.ModFileInfo/LOADING]: Found valid mod file avaritia-endless-624491-6878622_mapped_official_1.20.1.jar with {endless} mods - versions {1.20.1-0.1-B6}
[049月2025 21:59:01.350] [main/DEBUG] [net.minecraftforge.fml.loading.moddiscovery.ModFile/LOADING]: Loading mod file C:\Users\26852\.gradle\caches\forge_gradle\deobf_dependencies\curse\maven\avaritia-endless-624491\6878622_mapped_official_1.20.1\avaritia-endless-624491-6878622_mapped_official_1.20.1.jar with languages [LanguageSpec[languageName=javafml, acceptedVersions=[47,)]]
[049月2025 21:59:01.350] [main/DEBUG] [net.minecraftforge.fml.loading.moddiscovery.ModFileParser/LOADING]: Considering mod file candidate C:\Users\26852\.gradle\caches\forge_gradle\deobf_dependencies\curse\maven\ice-and-fire-dragons-264231\5633453_mapped_official_1.20.1\ice-and-fire-dragons-264231-5633453_mapped_official_1.20.1.jar
[049月2025 21:59:01.350] [main/DEBUG] [net.minecraftforge.fml.loading.moddiscovery.ModFileInfo/LOADING]: Found valid mod file ice-and-fire-dragons-264231-5633453_mapped_official_1.20.1.jar with {iceandfire} mods - versions {2.1.13-1.20.1}
[049月2025 21:59:01.350] [main/DEBUG] [net.minecraftforge.fml.loading.moddiscovery.ModFile/LOADING]: Loading mod file C:\Users\26852\.gradle\caches\forge_gradle\deobf_dependencies\curse\maven\ice-and-fire-dragons-264231\5633453_mapped_official_1.20.1\ice-and-fire-dragons-264231-5633453_mapped_official_1.20.1.jar with languages [LanguageSpec[languageName=javafml, acceptedVersions=[37.0,)]]
[049月2025 21:59:01.350] [main/DEBUG] [net.minecraftforge.fml.loading.moddiscovery.ModFileParser/LOADING]: Considering mod file candidate C:\Users\26852\.gradle\caches\forge_gradle\deobf_dependencies\mezz\jei\jei-1.20.1-forge\15.2.0.27_mapped_official_1.20.1\jei-1.20.1-forge-15.2.0.27_mapped_official_1.20.1.jar
[049月2025 21:59:01.350] [main/DEBUG] [net.minecraftforge.fml.loading.moddiscovery.ModFileInfo/LOADING]: Found valid mod file jei-1.20.1-forge-15.2.0.27_mapped_official_1.20.1.jar with {jei} mods - versions {15.2.0.27}
[049月2025 21:59:01.350] [main/DEBUG] [net.minecraftforge.fml.loading.moddiscovery.ModFile/LOADING]: Loading mod file C:\Users\26852\.gradle\caches\forge_gradle\deobf_dependencies\mezz\jei\jei-1.20.1-forge\15.2.0.27_mapped_official_1.20.1\jei-1.20.1-forge-15.2.0.27_mapped_official_1.20.1.jar with languages [LanguageSpec[languageName=javafml, acceptedVersions=[47,)]]
[049月2025 21:59:01.350] [main/DEBUG] [net.minecraftforge.fml.loading.moddiscovery.ModFileParser/LOADING]: Considering mod file candidate C:\Users\26852\.gradle\caches\forge_gradle\deobf_dependencies\vazkii\botania\Botania\1.20.1-448-FORGE_mapped_official_1.20.1\Botania-1.20.1-448-FORGE_mapped_official_1.20.1.jar
[049月2025 21:59:01.350] [main/DEBUG] [net.minecraftforge.fml.loading.moddiscovery.ModFileInfo/LOADING]: Found valid mod file Botania-1.20.1-448-FORGE_mapped_official_1.20.1.jar with {botania} mods - versions {1.20.1-448-FORGE}
[049月2025 21:59:01.350] [main/DEBUG] [net.minecraftforge.fml.loading.moddiscovery.ModFile/LOADING]: Loading mod file C:\Users\26852\.gradle\caches\forge_gradle\deobf_dependencies\vazkii\botania\Botania\1.20.1-448-FORGE_mapped_official_1.20.1\Botania-1.20.1-448-FORGE_mapped_official_1.20.1.jar with languages [LanguageSpec[languageName=javafml, acceptedVersions=[47,)]]
[049月2025 21:59:01.350] [main/DEBUG] [net.minecraftforge.fml.loading.moddiscovery.ModFileParser/LOADING]: Considering mod file candidate C:\Users\26852\.gradle\caches\forge_gradle\deobf_dependencies\curse\maven\draconic-evolution-223565\6793843_mapped_official_1.20.1\draconic-evolution-223565-6793843_mapped_official_1.20.1.jar
[049月2025 21:59:01.350] [main/DEBUG] [net.minecraftforge.fml.loading.moddiscovery.ModFileInfo/LOADING]: Found valid mod file draconic-evolution-223565-6793843_mapped_official_1.20.1.jar with {draconicevolution} mods - versions {3.1.2.621}
[049月2025 21:59:01.350] [main/DEBUG] [net.minecraftforge.fml.loading.moddiscovery.ModFile/LOADING]: Loading mod file C:\Users\26852\.gradle\caches\forge_gradle\deobf_dependencies\curse\maven\draconic-evolution-223565\6793843_mapped_official_1.20.1\draconic-evolution-223565-6793843_mapped_official_1.20.1.jar with languages [LanguageSpec[languageName=javafml, acceptedVersions=[47,)]]
[049月2025 21:59:01.350] [main/DEBUG] [net.minecraftforge.fml.loading.moddiscovery.ModFileParser/LOADING]: Considering mod file candidate /
[049月2025 21:59:01.350] [main/DEBUG] [net.minecraftforge.fml.loading.moddiscovery.ModFileInfo/LOADING]: Found valid mod file  with {forge} mods - versions {47.4.0}
[049月2025 21:59:01.350] [main/DEBUG] [net.minecraftforge.fml.loading.moddiscovery.ModFile/LOADING]: Loading mod file / with languages [LanguageSpec[languageName=javafml, acceptedVersions=[24,]]]
[049月2025 21:59:01.385] [main/DEBUG] [net.minecraftforge.fml.loading.moddiscovery.ModFileParser/LOADING]: Found coremod field_to_method with Javascript path coremods/field_to_method.js
[049月2025 21:59:01.385] [main/DEBUG] [net.minecraftforge.fml.loading.moddiscovery.ModFileParser/LOADING]: Found coremod field_to_instanceof with Javascript path coremods/field_to_instanceof.js
[049月2025 21:59:01.385] [main/DEBUG] [net.minecraftforge.fml.loading.moddiscovery.ModFileParser/LOADING]: Found coremod add_bouncer_method with Javascript path coremods/add_bouncer_method.js
[049月2025 21:59:01.385] [main/DEBUG] [net.minecraftforge.fml.loading.moddiscovery.ModFileParser/LOADING]: Found coremod method_redirector with Javascript path coremods/method_redirector.js
[049月2025 21:59:01.385] [main/DEBUG] [net.minecraftforge.fml.loading.moddiscovery.ModFile/LOADING]: Found coremod coremods/field_to_method.js
[049月2025 21:59:01.385] [main/DEBUG] [net.minecraftforge.fml.loading.moddiscovery.ModFile/LOADING]: Found coremod coremods/field_to_instanceof.js
[049月2025 21:59:01.385] [main/DEBUG] [net.minecraftforge.fml.loading.moddiscovery.ModFile/LOADING]: Found coremod coremods/add_bouncer_method.js
[049月2025 21:59:01.385] [main/DEBUG] [net.minecraftforge.fml.loading.moddiscovery.ModFile/LOADING]: Found coremod coremods/method_redirector.js
[049月2025 21:59:01.385] [main/DEBUG] [net.minecraftforge.fml.loading.moddiscovery.ModFileParser/LOADING]: Considering mod file candidate C:\Users\26852\.gradle\caches\forge_gradle\deobf_dependencies\curse\maven\curios-309927\6418456_mapped_official_1.20.1\curios-309927-6418456_mapped_official_1.20.1.jar
[049月2025 21:59:01.385] [main/DEBUG] [net.minecraftforge.fml.loading.moddiscovery.ModFileInfo/LOADING]: Found valid mod file curios-309927-6418456_mapped_official_1.20.1.jar with {curios} mods - versions {5.14.1+1.20.1}
[049月2025 21:59:01.385] [main/DEBUG] [net.minecraftforge.fml.loading.moddiscovery.ModFile/LOADING]: Loading mod file C:\Users\26852\.gradle\caches\forge_gradle\deobf_dependencies\curse\maven\curios-309927\6418456_mapped_official_1.20.1\curios-309927-6418456_mapped_official_1.20.1.jar with languages [LanguageSpec[languageName=javafml, acceptedVersions=[41,)]]
[049月2025 21:59:01.385] [main/DEBUG] [net.minecraftforge.fml.loading.moddiscovery.ModFileParser/LOADING]: Considering mod file candidate C:\Users\26852\.gradle\caches\forge_gradle\deobf_dependencies\curse\maven\codechicken-lib-1-8-242818\5753868_mapped_official_1.20.1\codechicken-lib-1-8-242818-5753868_mapped_official_1.20.1.jar
[049月2025 21:59:01.385] [main/DEBUG] [net.minecraftforge.fml.loading.moddiscovery.ModFileInfo/LOADING]: Found valid mod file codechicken-lib-1-8-242818-5753868_mapped_official_1.20.1.jar with {codechickenlib} mods - versions {4.4.0.516}
[049月2025 21:59:01.385] [main/DEBUG] [net.minecraftforge.fml.loading.moddiscovery.ModFile/LOADING]: Loading mod file C:\Users\26852\.gradle\caches\forge_gradle\deobf_dependencies\curse\maven\codechicken-lib-1-8-242818\5753868_mapped_official_1.20.1\codechicken-lib-1-8-242818-5753868_mapped_official_1.20.1.jar with languages [LanguageSpec[languageName=javafml, acceptedVersions=[47,)]]
[049月2025 21:59:01.385] [main/DEBUG] [net.minecraftforge.fml.loading.moddiscovery.ModFileParser/LOADING]: Considering mod file candidate C:\Users\26852\.gradle\caches\forge_gradle\deobf_dependencies\vazkii\patchouli\Patchouli\1.20.1-84.1-FORGE_mapped_official_1.20.1\Patchouli-1.20.1-84.1-FORGE_mapped_official_1.20.1.jar
[049月2025 21:59:01.385] [main/DEBUG] [net.minecraftforge.fml.loading.moddiscovery.ModFileInfo/LOADING]: Found valid mod file Patchouli-1.20.1-84.1-FORGE_mapped_official_1.20.1.jar with {patchouli} mods - versions {1.20.1-84.1-FORGE}
[049月2025 21:59:01.385] [main/DEBUG] [net.minecraftforge.fml.loading.moddiscovery.ModFile/LOADING]: Loading mod file C:\Users\26852\.gradle\caches\forge_gradle\deobf_dependencies\vazkii\patchouli\Patchouli\1.20.1-84.1-FORGE_mapped_official_1.20.1\Patchouli-1.20.1-84.1-FORGE_mapped_official_1.20.1.jar with languages [LanguageSpec[languageName=javafml, acceptedVersions=[47,)]]
[049月2025 21:59:01.385] [main/DEBUG] [net.minecraftforge.fml.loading.moddiscovery.ModFileParser/LOADING]: Considering mod file candidate C:\Users\26852\.gradle\caches\forge_gradle\deobf_dependencies\curse\maven\brandons-core-231382\5422013_mapped_official_1.20.1\brandons-core-231382-5422013_mapped_official_1.20.1.jar
[049月2025 21:59:01.385] [main/DEBUG] [net.minecraftforge.fml.loading.moddiscovery.ModFileInfo/LOADING]: Found valid mod file brandons-core-231382-5422013_mapped_official_1.20.1.jar with {brandonscore} mods - versions {3.2.1.302}
[049月2025 21:59:01.385] [main/DEBUG] [net.minecraftforge.fml.loading.moddiscovery.ModFile/LOADING]: Loading mod file C:\Users\26852\.gradle\caches\forge_gradle\deobf_dependencies\curse\maven\brandons-core-231382\5422013_mapped_official_1.20.1\brandons-core-231382-5422013_mapped_official_1.20.1.jar with languages [LanguageSpec[languageName=javafml, acceptedVersions=[47,)]]
[049月2025 21:59:01.385] [main/DEBUG] [net.minecraftforge.fml.loading.moddiscovery.ModFileParser/LOADING]: Considering mod file candidate C:\Users\26852\.gradle\caches\forge_gradle\deobf_dependencies\curse\maven\citadel-331936\6702068_mapped_official_1.20.1\citadel-331936-6702068_mapped_official_1.20.1.jar
[049月2025 21:59:01.385] [main/DEBUG] [net.minecraftforge.fml.loading.moddiscovery.ModFileInfo/LOADING]: Found valid mod file citadel-331936-6702068_mapped_official_1.20.1.jar with {citadel} mods - versions {2.6.2}
[049月2025 21:59:01.385] [main/DEBUG] [net.minecraftforge.fml.loading.moddiscovery.ModFile/LOADING]: Loading mod file C:\Users\26852\.gradle\caches\forge_gradle\deobf_dependencies\curse\maven\citadel-331936\6702068_mapped_official_1.20.1\citadel-331936-6702068_mapped_official_1.20.1.jar with languages [LanguageSpec[languageName=javafml, acceptedVersions=[47,)]]
[049月2025 21:59:01.385] [main/DEBUG] [cpw.mods.modlauncher.TransformationServiceDecorator/MODLAUNCHER]: End scan trigger - transformation service fml
[049月2025 21:59:01.401] [main/DEBUG] [net.minecraftforge.fml.loading.LanguageLoadingProvider/CORE]: Found 3 language providers
[049月2025 21:59:01.401] [main/DEBUG] [net.minecraftforge.fml.loading.LanguageLoadingProvider/CORE]: Found language provider minecraft, version 1.0
[049月2025 21:59:01.401] [main/DEBUG] [net.minecraftforge.fml.loading.LanguageLoadingProvider/CORE]: Found language provider lowcodefml, version 47
[049月2025 21:59:01.401] [main/DEBUG] [net.minecraftforge.fml.loading.LanguageLoadingProvider/CORE]: Found language provider javafml, version 47
[049月2025 21:59:01.416] [main/DEBUG] [net.minecraftforge.fml.loading.ModSorter/]: Configured system mods: [minecraft, forge]
[049月2025 21:59:01.416] [main/DEBUG] [net.minecraftforge.fml.loading.ModSorter/]: Found system mod: minecraft
[049月2025 21:59:01.416] [main/DEBUG] [net.minecraftforge.fml.loading.ModSorter/]: Found system mod: forge
[049月2025 21:59:01.416] [main/DEBUG] [net.minecraftforge.fml.loading.ModSorter/LOADING]: Found 31 mod requirements (26 mandatory, 5 optional)
[049月2025 21:59:01.416] [main/DEBUG] [net.minecraftforge.fml.loading.ModSorter/LOADING]: Found 0 mod requirements missing (0 mandatory, 0 optional)
[049月2025 21:59:01.715] [main/DEBUG] [net.minecraftforge.fml.loading.MCPNamingService/CORE]: Loaded 33222 method mappings from methods.csv
[049月2025 21:59:01.731] [main/DEBUG] [net.minecraftforge.fml.loading.MCPNamingService/CORE]: Loaded 31003 field mappings from fields.csv
[049月2025 21:59:01.812] [main/DEBUG] [cpw.mods.modlauncher.TransformationServicesHandler/MODLAUNCHER]: Transformation services loading transformers
[049月2025 21:59:01.812] [main/DEBUG] [cpw.mods.modlauncher.TransformationServiceDecorator/MODLAUNCHER]: Initializing transformers for transformation service mixin
[049月2025 21:59:01.812] [main/DEBUG] [cpw.mods.modlauncher.TransformationServiceDecorator/MODLAUNCHER]: Initialized transformers for transformation service mixin
[049月2025 21:59:01.812] [main/DEBUG] [cpw.mods.modlauncher.TransformationServiceDecorator/MODLAUNCHER]: Initializing transformers for transformation service fml
[049月2025 21:59:01.812] [main/DEBUG] [net.minecraftforge.fml.loading.FMLServiceProvider/CORE]: Loading coremod transformers
[049月2025 21:59:01.812] [main/DEBUG] [net.minecraftforge.coremod.CoreModEngine/COREMOD]: Loading CoreMod from coremods/field_to_method.js
[049月2025 21:59:02.323] [main/DEBUG] [net.minecraftforge.coremod.CoreModEngine/COREMOD]: CoreMod loaded successfully
[049月2025 21:59:02.323] [main/DEBUG] [net.minecraftforge.coremod.CoreModEngine/COREMOD]: Loading CoreMod from coremods/field_to_instanceof.js
[049月2025 21:59:02.493] [main/DEBUG] [net.minecraftforge.coremod.CoreModEngine/COREMOD]: CoreMod loaded successfully
[049月2025 21:59:02.493] [main/DEBUG] [net.minecraftforge.coremod.CoreModEngine/COREMOD]: Loading CoreMod from coremods/add_bouncer_method.js
[049月2025 21:59:02.540] [main/DEBUG] [net.minecraftforge.coremod.CoreModEngine/COREMOD]: CoreMod loaded successfully
[049月2025 21:59:02.540] [main/DEBUG] [net.minecraftforge.coremod.CoreModEngine/COREMOD]: Loading CoreMod from coremods/method_redirector.js
[049月2025 21:59:02.615] [main/DEBUG] [net.minecraftforge.coremod.CoreModEngine/COREMOD]: CoreMod loaded successfully
[049月2025 21:59:02.647] [main/DEBUG] [cpw.mods.modlauncher.TransformStore/MODLAUNCHER]: Adding transformer net.minecraftforge.coremod.transformer.CoreModClassTransformer@9efcd90 to Target : CLASS {Lnet/minecraft/world/level/biome/Biome;} {} {V}
[049月2025 21:59:02.662] [main/DEBUG] [cpw.mods.modlauncher.TransformStore/MODLAUNCHER]: Adding transformer net.minecraftforge.coremod.transformer.CoreModClassTransformer@663f237a to Target : CLASS {Lnet/minecraft/world/level/levelgen/structure/Structure;} {} {V}
[049月2025 21:59:02.662] [main/DEBUG] [cpw.mods.modlauncher.TransformStore/MODLAUNCHER]: Adding transformer net.minecraftforge.coremod.transformer.CoreModClassTransformer@5d7399f9 to Target : CLASS {Lnet/minecraft/world/effect/MobEffectInstance;} {} {V}
[049月2025 21:59:02.662] [main/DEBUG] [cpw.mods.modlauncher.TransformStore/MODLAUNCHER]: Adding transformer net.minecraftforge.coremod.transformer.CoreModClassTransformer@49a6f486 to Target : CLASS {Lnet/minecraft/world/level/block/LiquidBlock;} {} {V}
[049月2025 21:59:02.662] [main/DEBUG] [cpw.mods.modlauncher.TransformStore/MODLAUNCHER]: Adding transformer net.minecraftforge.coremod.transformer.CoreModClassTransformer@14fded9d to Target : CLASS {Lnet/minecraft/world/item/BucketItem;} {} {V}
[049月2025 21:59:02.662] [main/DEBUG] [cpw.mods.modlauncher.TransformStore/MODLAUNCHER]: Adding transformer net.minecraftforge.coremod.transformer.CoreModClassTransformer@bc6288b to Target : CLASS {Lnet/minecraft/world/level/block/StairBlock;} {} {V}
[049月2025 21:59:02.662] [main/DEBUG] [cpw.mods.modlauncher.TransformStore/MODLAUNCHER]: Adding transformer net.minecraftforge.coremod.transformer.CoreModClassTransformer@4a3bd45b to Target : CLASS {Lnet/minecraft/world/level/block/FlowerPotBlock;} {} {V}
[049月2025 21:59:02.662] [main/DEBUG] [cpw.mods.modlauncher.TransformStore/MODLAUNCHER]: Adding transformer net.minecraftforge.coremod.transformer.CoreModClassTransformer@34c70b5e to Target : CLASS {Lnet/minecraft/world/item/ItemStack;} {} {V}
[049月2025 21:59:02.662] [main/DEBUG] [cpw.mods.modlauncher.TransformStore/MODLAUNCHER]: Adding transformer net.minecraftforge.coremod.transformer.CoreModClassTransformer@4f2d995e to Target : CLASS {Lnet/minecraft/network/play/client/CClientSettingsPacket;} {} {V}
[049月2025 21:59:02.662] [main/DEBUG] [cpw.mods.modlauncher.TransformStore/MODLAUNCHER]: Adding transformer net.minecraftforge.coremod.transformer.CoreModClassTransformer@75156240 to Target : CLASS {Lnet/minecraft/world/entity/ai/village/VillageSiege;} {} {V}
[049月2025 21:59:02.662] [main/DEBUG] [cpw.mods.modlauncher.TransformStore/MODLAUNCHER]: Adding transformer net.minecraftforge.coremod.transformer.CoreModClassTransformer@75156240 to Target : CLASS {Lnet/minecraft/world/entity/monster/Spider;} {} {V}
[049月2025 21:59:02.662] [main/DEBUG] [cpw.mods.modlauncher.TransformStore/MODLAUNCHER]: Adding transformer net.minecraftforge.coremod.transformer.CoreModClassTransformer@75156240 to Target : CLASS {Lnet/minecraft/world/entity/raid/Raid;} {} {V}
[049月2025 21:59:02.662] [main/DEBUG] [cpw.mods.modlauncher.TransformStore/MODLAUNCHER]: Adding transformer net.minecraftforge.coremod.transformer.CoreModClassTransformer@75156240 to Target : CLASS {Lnet/minecraft/world/level/levelgen/structure/structures/SwampHutPiece;} {} {V}
[049月2025 21:59:02.662] [main/DEBUG] [cpw.mods.modlauncher.TransformStore/MODLAUNCHER]: Adding transformer net.minecraftforge.coremod.transformer.CoreModClassTransformer@75156240 to Target : CLASS {Lnet/minecraft/server/commands/SummonCommand;} {} {V}
[049月2025 21:59:02.662] [main/DEBUG] [cpw.mods.modlauncher.TransformStore/MODLAUNCHER]: Adding transformer net.minecraftforge.coremod.transformer.CoreModClassTransformer@75156240 to Target : CLASS {Lnet/minecraft/world/entity/animal/frog/Tadpole;} {} {V}
[049月2025 21:59:02.662] [main/DEBUG] [cpw.mods.modlauncher.TransformStore/MODLAUNCHER]: Adding transformer net.minecraftforge.coremod.transformer.CoreModClassTransformer@75156240 to Target : CLASS {Lnet/minecraft/world/level/levelgen/PatrolSpawner;} {} {V}
[049月2025 21:59:02.662] [main/DEBUG] [cpw.mods.modlauncher.TransformStore/MODLAUNCHER]: Adding transformer net.minecraftforge.coremod.transformer.CoreModClassTransformer@75156240 to Target : CLASS {Lnet/minecraft/world/entity/EntityType;} {} {V}
[049月2025 21:59:02.662] [main/DEBUG] [cpw.mods.modlauncher.TransformStore/MODLAUNCHER]: Adding transformer net.minecraftforge.coremod.transformer.CoreModClassTransformer@75156240 to Target : CLASS {Lnet/minecraft/world/level/levelgen/structure/structures/OceanRuinPieces$OceanRuinPiece;} {} {V}
[049月2025 21:59:02.662] [main/DEBUG] [cpw.mods.modlauncher.TransformStore/MODLAUNCHER]: Adding transformer net.minecraftforge.coremod.transformer.CoreModClassTransformer@75156240 to Target : CLASS {Lnet/minecraft/world/level/levelgen/PhantomSpawner;} {} {V}
[049月2025 21:59:02.662] [main/DEBUG] [cpw.mods.modlauncher.TransformStore/MODLAUNCHER]: Adding transformer net.minecraftforge.coremod.transformer.CoreModClassTransformer@75156240 to Target : CLASS {Lnet/minecraft/world/level/NaturalSpawner;} {} {V}
[049月2025 21:59:02.662] [main/DEBUG] [cpw.mods.modlauncher.TransformStore/MODLAUNCHER]: Adding transformer net.minecraftforge.coremod.transformer.CoreModClassTransformer@75156240 to Target : CLASS {Lnet/minecraft/world/entity/animal/horse/SkeletonTrapGoal;} {} {V}
[049月2025 21:59:02.662] [main/DEBUG] [cpw.mods.modlauncher.TransformStore/MODLAUNCHER]: Adding transformer net.minecraftforge.coremod.transformer.CoreModClassTransformer@75156240 to Target : CLASS {Lnet/minecraft/world/level/levelgen/structure/structures/WoodlandMansionPieces$WoodlandMansionPiece;} {} {V}
[049月2025 21:59:02.662] [main/DEBUG] [cpw.mods.modlauncher.TransformStore/MODLAUNCHER]: Adding transformer net.minecraftforge.coremod.transformer.CoreModClassTransformer@75156240 to Target : CLASS {Lnet/minecraft/world/entity/monster/Evoker$EvokerSummonSpellGoal;} {} {V}
[049月2025 21:59:02.662] [main/DEBUG] [cpw.mods.modlauncher.TransformStore/MODLAUNCHER]: Adding transformer net.minecraftforge.coremod.transformer.CoreModClassTransformer@75156240 to Target : CLASS {Lnet/minecraft/world/level/levelgen/structure/structures/OceanMonumentPieces$OceanMonumentPiece;} {} {V}
[049月2025 21:59:02.662] [main/DEBUG] [cpw.mods.modlauncher.TransformStore/MODLAUNCHER]: Adding transformer net.minecraftforge.coremod.transformer.CoreModClassTransformer@75156240 to Target : CLASS {Lnet/minecraft/world/entity/npc/CatSpawner;} {} {V}
[049月2025 21:59:02.662] [main/DEBUG] [cpw.mods.modlauncher.TransformStore/MODLAUNCHER]: Adding transformer net.minecraftforge.coremod.transformer.CoreModClassTransformer@75156240 to Target : CLASS {Lnet/minecraft/world/entity/npc/Villager;} {} {V}
[049月2025 21:59:02.662] [main/DEBUG] [cpw.mods.modlauncher.TransformStore/MODLAUNCHER]: Adding transformer net.minecraftforge.coremod.transformer.CoreModClassTransformer@75156240 to Target : CLASS {Lnet/minecraft/world/level/levelgen/structure/templatesystem/StructureTemplate;} {} {V}
[049月2025 21:59:02.662] [main/DEBUG] [cpw.mods.modlauncher.TransformStore/MODLAUNCHER]: Adding transformer net.minecraftforge.coremod.transformer.CoreModClassTransformer@75156240 to Target : CLASS {Lnet/minecraft/world/entity/monster/ZombieVillager;} {} {V}
[049月2025 21:59:02.662] [main/DEBUG] [cpw.mods.modlauncher.TransformStore/MODLAUNCHER]: Adding transformer net.minecraftforge.coremod.transformer.CoreModClassTransformer@75156240 to Target : CLASS {Lnet/minecraft/world/entity/monster/Strider;} {} {V}
[049月2025 21:59:02.662] [main/DEBUG] [cpw.mods.modlauncher.TransformStore/MODLAUNCHER]: Adding transformer net.minecraftforge.coremod.transformer.CoreModClassTransformer@75156240 to Target : CLASS {Lnet/minecraft/world/entity/monster/Zombie;} {} {V}
[049月2025 21:59:02.662] [main/DEBUG] [cpw.mods.modlauncher.TransformStore/MODLAUNCHER]: Adding transformer net.minecraftforge.coremod.transformer.CoreModClassTransformer@75156240 to Target : CLASS {Lnet/minecraft/server/commands/RaidCommand;} {} {V}
[049月2025 21:59:02.662] [main/DEBUG] [cpw.mods.modlauncher.TransformationServiceDecorator/MODLAUNCHER]: Initialized transformers for transformation service fml
[049月2025 21:59:03.100] [main/DEBUG] [mixin/]: Processing prepare() for PlatformAgent[MixinPlatformAgentDefault:ModLauncher Root Container(ModLauncher:4f56a0a2)]
[049月2025 21:59:03.100] [main/DEBUG] [mixin/]: Processing launch tasks for PlatformAgent[MixinPlatformAgentDefault:ModLauncher Root Container(ModLauncher:4f56a0a2)]
[049月2025 21:59:03.100] [main/DEBUG] [mixin/]: Adding mixin platform agents for container SecureJarResource(minecraft)
[049月2025 21:59:03.100] [main/DEBUG] [mixin/]: Instancing new MixinPlatformAgentMinecraftForge for SecureJarResource(minecraft)
[049月2025 21:59:03.100] [main/DEBUG] [mixin/]: MixinPlatformAgentMinecraftForge rejected container SecureJarResource(minecraft)
[049月2025 21:59:03.100] [main/DEBUG] [mixin/]: Instancing new MixinPlatformAgentDefault for SecureJarResource(minecraft)
[049月2025 21:59:03.100] [main/DEBUG] [mixin/]: MixinPlatformAgentDefault accepted container SecureJarResource(minecraft)
[049月2025 21:59:03.100] [main/DEBUG] [mixin/]: Processing prepare() for PlatformAgent[MixinPlatformAgentDefault:SecureJarResource(minecraft)]
[049月2025 21:59:03.100] [main/DEBUG] [mixin/]: Adding mixin platform agents for container SecureJarResource(orecrop)
[049月2025 21:59:03.100] [main/DEBUG] [mixin/]: Instancing new MixinPlatformAgentMinecraftForge for SecureJarResource(orecrop)
[049月2025 21:59:03.100] [main/DEBUG] [mixin/]: MixinPlatformAgentMinecraftForge rejected container SecureJarResource(orecrop)
[049月2025 21:59:03.100] [main/DEBUG] [mixin/]: Instancing new MixinPlatformAgentDefault for SecureJarResource(orecrop)
[049月2025 21:59:03.100] [main/DEBUG] [mixin/]: MixinPlatformAgentDefault accepted container SecureJarResource(orecrop)
[049月2025 21:59:03.100] [main/DEBUG] [mixin/]: Processing prepare() for PlatformAgent[MixinPlatformAgentDefault:SecureJarResource(orecrop)]
[049月2025 21:59:03.100] [main/DEBUG] [mixin/]: Adding mixin platform agents for container SecureJarResource(jade)
[049月2025 21:59:03.100] [main/DEBUG] [mixin/]: Instancing new MixinPlatformAgentMinecraftForge for SecureJarResource(jade)
[049月2025 21:59:03.100] [main/DEBUG] [mixin/]: MixinPlatformAgentMinecraftForge rejected container SecureJarResource(jade)
[049月2025 21:59:03.100] [main/DEBUG] [mixin/]: Instancing new MixinPlatformAgentDefault for SecureJarResource(jade)
[049月2025 21:59:03.100] [main/DEBUG] [mixin/]: MixinPlatformAgentDefault accepted container SecureJarResource(jade)
[049月2025 21:59:03.100] [main/DEBUG] [mixin/]: Processing prepare() for PlatformAgent[MixinPlatformAgentDefault:SecureJarResource(jade)]
[049月2025 21:59:03.100] [main/DEBUG] [mixin/]: Registering mixin config: jade.mixins.json
[049月2025 21:59:03.129] [main/DEBUG] [mixin/]: Adding mixin platform agents for container SecureJarResource(endless)
[049月2025 21:59:03.129] [main/DEBUG] [mixin/]: Instancing new MixinPlatformAgentMinecraftForge for SecureJarResource(endless)
[049月2025 21:59:03.129] [main/DEBUG] [mixin/]: MixinPlatformAgentMinecraftForge rejected container SecureJarResource(endless)
[049月2025 21:59:03.129] [main/DEBUG] [mixin/]: Instancing new MixinPlatformAgentDefault for SecureJarResource(endless)
[049月2025 21:59:03.129] [main/DEBUG] [mixin/]: MixinPlatformAgentDefault accepted container SecureJarResource(endless)
[049月2025 21:59:03.129] [main/DEBUG] [mixin/]: Processing prepare() for PlatformAgent[MixinPlatformAgentDefault:SecureJarResource(endless)]
[049月2025 21:59:03.129] [main/DEBUG] [mixin/]: Registering mixin config: endless.mixins.json
[049月2025 21:59:03.145] [main/DEBUG] [mixin/]: Compatibility level JAVA_17 specified by endless.mixins.json is higher than the maximum level supported by this version of mixin (JAVA_13).
[049月2025 21:59:03.145] [main/INFO] [mixin/]: Compatibility level set to JAVA_17
[049月2025 21:59:03.145] [main/DEBUG] [mixin/]: Adding mixin platform agents for container SecureJarResource(jei)
[049月2025 21:59:03.145] [main/DEBUG] [mixin/]: Instancing new MixinPlatformAgentMinecraftForge for SecureJarResource(jei)
[049月2025 21:59:03.145] [main/DEBUG] [mixin/]: MixinPlatformAgentMinecraftForge rejected container SecureJarResource(jei)
[049月2025 21:59:03.145] [main/DEBUG] [mixin/]: Instancing new MixinPlatformAgentDefault for SecureJarResource(jei)
[049月2025 21:59:03.145] [main/DEBUG] [mixin/]: MixinPlatformAgentDefault accepted container SecureJarResource(jei)
[049月2025 21:59:03.145] [main/DEBUG] [mixin/]: Processing prepare() for PlatformAgent[MixinPlatformAgentDefault:SecureJarResource(jei)]
[049月2025 21:59:03.145] [main/DEBUG] [mixin/]: Adding mixin platform agents for container SecureJarResource(botania)
[049月2025 21:59:03.145] [main/DEBUG] [mixin/]: Instancing new MixinPlatformAgentMinecraftForge for SecureJarResource(botania)
[049月2025 21:59:03.145] [main/DEBUG] [mixin/]: MixinPlatformAgentMinecraftForge rejected container SecureJarResource(botania)
[049月2025 21:59:03.145] [main/DEBUG] [mixin/]: Instancing new MixinPlatformAgentDefault for SecureJarResource(botania)
[049月2025 21:59:03.145] [main/DEBUG] [mixin/]: MixinPlatformAgentDefault accepted container SecureJarResource(botania)
[049月2025 21:59:03.145] [main/DEBUG] [mixin/]: Processing prepare() for PlatformAgent[MixinPlatformAgentDefault:SecureJarResource(botania)]
[049月2025 21:59:03.145] [main/DEBUG] [mixin/]: Registering mixin config: botania_xplat.mixins.json
[049月2025 21:59:03.145] [main/DEBUG] [mixin/]: Registering mixin config: botania_forge.mixins.json
[049月2025 21:59:03.145] [main/DEBUG] [mixin/]: Adding mixin platform agents for container SecureJarResource(forge)
[049月2025 21:59:03.145] [main/DEBUG] [mixin/]: Instancing new MixinPlatformAgentMinecraftForge for SecureJarResource(forge)
[049月2025 21:59:03.145] [main/DEBUG] [mixin/]: MixinPlatformAgentMinecraftForge rejected container SecureJarResource(forge)
[049月2025 21:59:03.145] [main/DEBUG] [mixin/]: Instancing new MixinPlatformAgentDefault for SecureJarResource(forge)
[049月2025 21:59:03.145] [main/DEBUG] [mixin/]: MixinPlatformAgentDefault accepted container SecureJarResource(forge)
[049月2025 21:59:03.145] [main/DEBUG] [mixin/]: Processing prepare() for PlatformAgent[MixinPlatformAgentDefault:SecureJarResource(forge)]
[049月2025 21:59:03.145] [main/DEBUG] [mixin/]: Adding mixin platform agents for container SecureJarResource(codechickenlib)
[049月2025 21:59:03.145] [main/DEBUG] [mixin/]: Instancing new MixinPlatformAgentMinecraftForge for SecureJarResource(codechickenlib)
[049月2025 21:59:03.145] [main/DEBUG] [mixin/]: MixinPlatformAgentMinecraftForge rejected container SecureJarResource(codechickenlib)
[049月2025 21:59:03.145] [main/DEBUG] [mixin/]: Instancing new MixinPlatformAgentDefault for SecureJarResource(codechickenlib)
[049月2025 21:59:03.145] [main/DEBUG] [mixin/]: MixinPlatformAgentDefault accepted container SecureJarResource(codechickenlib)
[049月2025 21:59:03.145] [main/DEBUG] [mixin/]: Processing prepare() for PlatformAgent[MixinPlatformAgentDefault:SecureJarResource(codechickenlib)]
[049月2025 21:59:03.145] [main/DEBUG] [mixin/]: Registering mixin config: mixins.codechickenlib.json
[049月2025 21:59:03.145] [main/DEBUG] [mixin/]: Adding mixin platform agents for container SecureJarResource(curios)
[049月2025 21:59:03.145] [main/DEBUG] [mixin/]: Instancing new MixinPlatformAgentMinecraftForge for SecureJarResource(curios)
[049月2025 21:59:03.145] [main/DEBUG] [mixin/]: MixinPlatformAgentMinecraftForge rejected container SecureJarResource(curios)
[049月2025 21:59:03.145] [main/DEBUG] [mixin/]: Instancing new MixinPlatformAgentDefault for SecureJarResource(curios)
[049月2025 21:59:03.145] [main/DEBUG] [mixin/]: MixinPlatformAgentDefault accepted container SecureJarResource(curios)
[049月2025 21:59:03.145] [main/DEBUG] [mixin/]: Processing prepare() for PlatformAgent[MixinPlatformAgentDefault:SecureJarResource(curios)]
[049月2025 21:59:03.145] [main/DEBUG] [mixin/]: Registering mixin config: curios.mixins.json
[049月2025 21:59:03.161] [main/DEBUG] [mixin/]: Adding mixin platform agents for container SecureJarResource(patchouli)
[049月2025 21:59:03.161] [main/DEBUG] [mixin/]: Instancing new MixinPlatformAgentMinecraftForge for SecureJarResource(patchouli)
[049月2025 21:59:03.161] [main/DEBUG] [mixin/]: MixinPlatformAgentMinecraftForge rejected container SecureJarResource(patchouli)
[049月2025 21:59:03.161] [main/DEBUG] [mixin/]: Instancing new MixinPlatformAgentDefault for SecureJarResource(patchouli)
[049月2025 21:59:03.161] [main/DEBUG] [mixin/]: MixinPlatformAgentDefault accepted container SecureJarResource(patchouli)
[049月2025 21:59:03.161] [main/DEBUG] [mixin/]: Processing prepare() for PlatformAgent[MixinPlatformAgentDefault:SecureJarResource(patchouli)]
[049月2025 21:59:03.161] [main/DEBUG] [mixin/]: Registering mixin config: patchouli_xplat.mixins.json
[049月2025 21:59:03.161] [main/DEBUG] [mixin/]: Adding mixin platform agents for container SecureJarResource(brandonscore)
[049月2025 21:59:03.161] [main/DEBUG] [mixin/]: Instancing new MixinPlatformAgentMinecraftForge for SecureJarResource(brandonscore)
[049月2025 21:59:03.161] [main/DEBUG] [mixin/]: MixinPlatformAgentMinecraftForge rejected container SecureJarResource(brandonscore)
[049月2025 21:59:03.161] [main/DEBUG] [mixin/]: Instancing new MixinPlatformAgentDefault for SecureJarResource(brandonscore)
[049月2025 21:59:03.161] [main/DEBUG] [mixin/]: MixinPlatformAgentDefault accepted container SecureJarResource(brandonscore)
[049月2025 21:59:03.161] [main/DEBUG] [mixin/]: Processing prepare() for PlatformAgent[MixinPlatformAgentDefault:SecureJarResource(brandonscore)]
[049月2025 21:59:03.161] [main/DEBUG] [mixin/]: Registering mixin config: mixins.brandonscore.json
[049月2025 21:59:03.161] [main/DEBUG] [mixin/]: Adding mixin platform agents for container SecureJarResource(draconicevolution)
[049月2025 21:59:03.161] [main/DEBUG] [mixin/]: Instancing new MixinPlatformAgentMinecraftForge for SecureJarResource(draconicevolution)
[049月2025 21:59:03.161] [main/DEBUG] [mixin/]: MixinPlatformAgentMinecraftForge rejected container SecureJarResource(draconicevolution)
[049月2025 21:59:03.161] [main/DEBUG] [mixin/]: Instancing new MixinPlatformAgentDefault for SecureJarResource(draconicevolution)
[049月2025 21:59:03.161] [main/DEBUG] [mixin/]: MixinPlatformAgentDefault accepted container SecureJarResource(draconicevolution)
[049月2025 21:59:03.161] [main/DEBUG] [mixin/]: Processing prepare() for PlatformAgent[MixinPlatformAgentDefault:SecureJarResource(draconicevolution)]
[049月2025 21:59:03.161] [main/DEBUG] [mixin/]: Registering mixin config: mixins.draconicevolution.json
[049月2025 21:59:03.161] [main/DEBUG] [mixin/]: Adding mixin platform agents for container SecureJarResource(citadel)
[049月2025 21:59:03.161] [main/DEBUG] [mixin/]: Instancing new MixinPlatformAgentMinecraftForge for SecureJarResource(citadel)
[049月2025 21:59:03.161] [main/DEBUG] [mixin/]: MixinPlatformAgentMinecraftForge rejected container SecureJarResource(citadel)
[049月2025 21:59:03.161] [main/DEBUG] [mixin/]: Instancing new MixinPlatformAgentDefault for SecureJarResource(citadel)
[049月2025 21:59:03.161] [main/DEBUG] [mixin/]: MixinPlatformAgentDefault accepted container SecureJarResource(citadel)
[049月2025 21:59:03.161] [main/DEBUG] [mixin/]: Processing prepare() for PlatformAgent[MixinPlatformAgentDefault:SecureJarResource(citadel)]
[049月2025 21:59:03.161] [main/DEBUG] [mixin/]: Registering mixin config: citadel.mixins.json
[049月2025 21:59:03.161] [main/DEBUG] [mixin/]: Adding mixin platform agents for container SecureJarResource(iceandfire)
[049月2025 21:59:03.161] [main/DEBUG] [mixin/]: Instancing new MixinPlatformAgentMinecraftForge for SecureJarResource(iceandfire)
[049月2025 21:59:03.161] [main/DEBUG] [mixin/]: MixinPlatformAgentMinecraftForge rejected container SecureJarResource(iceandfire)
[049月2025 21:59:03.161] [main/DEBUG] [mixin/]: Instancing new MixinPlatformAgentDefault for SecureJarResource(iceandfire)
[049月2025 21:59:03.161] [main/DEBUG] [mixin/]: MixinPlatformAgentDefault accepted container SecureJarResource(iceandfire)
[049月2025 21:59:03.161] [main/DEBUG] [mixin/]: Processing prepare() for PlatformAgent[MixinPlatformAgentDefault:SecureJarResource(iceandfire)]
[049月2025 21:59:03.161] [main/DEBUG] [mixin/]: Registering mixin config: iceandfire.mixins.json
[049月2025 21:59:03.176] [main/DEBUG] [mixin/]: inject() running with 15 agents
[049月2025 21:59:03.176] [main/DEBUG] [mixin/]: Processing inject() for PlatformAgent[MixinPlatformAgentDefault:ModLauncher Root Container(ModLauncher:4f56a0a2)]
[049月2025 21:59:03.176] [main/DEBUG] [mixin/]: Processing inject() for PlatformAgent[MixinPlatformAgentDefault:SecureJarResource(minecraft)]
[049月2025 21:59:03.176] [main/DEBUG] [mixin/]: Processing inject() for PlatformAgent[MixinPlatformAgentDefault:SecureJarResource(orecrop)]
[049月2025 21:59:03.176] [main/DEBUG] [mixin/]: Processing inject() for PlatformAgent[MixinPlatformAgentDefault:SecureJarResource(jade)]
[049月2025 21:59:03.176] [main/DEBUG] [mixin/]: Processing inject() for PlatformAgent[MixinPlatformAgentDefault:SecureJarResource(endless)]
[049月2025 21:59:03.176] [main/DEBUG] [mixin/]: Processing inject() for PlatformAgent[MixinPlatformAgentDefault:SecureJarResource(jei)]
[049月2025 21:59:03.176] [main/DEBUG] [mixin/]: Processing inject() for PlatformAgent[MixinPlatformAgentDefault:SecureJarResource(botania)]
[049月2025 21:59:03.176] [main/DEBUG] [mixin/]: Processing inject() for PlatformAgent[MixinPlatformAgentDefault:SecureJarResource(forge)]
[049月2025 21:59:03.176] [main/DEBUG] [mixin/]: Processing inject() for PlatformAgent[MixinPlatformAgentDefault:SecureJarResource(codechickenlib)]
[049月2025 21:59:03.176] [main/DEBUG] [mixin/]: Processing inject() for PlatformAgent[MixinPlatformAgentDefault:SecureJarResource(curios)]
[049月2025 21:59:03.176] [main/DEBUG] [mixin/]: Processing inject() for PlatformAgent[MixinPlatformAgentDefault:SecureJarResource(patchouli)]
[049月2025 21:59:03.176] [main/DEBUG] [mixin/]: Processing inject() for PlatformAgent[MixinPlatformAgentDefault:SecureJarResource(brandonscore)]
[049月2025 21:59:03.176] [main/DEBUG] [mixin/]: Processing inject() for PlatformAgent[MixinPlatformAgentDefault:SecureJarResource(draconicevolution)]
[049月2025 21:59:03.176] [main/DEBUG] [mixin/]: Processing inject() for PlatformAgent[MixinPlatformAgentDefault:SecureJarResource(citadel)]
[049月2025 21:59:03.176] [main/DEBUG] [mixin/]: Processing inject() for PlatformAgent[MixinPlatformAgentDefault:SecureJarResource(iceandfire)]
[049月2025 21:59:03.176] [main/INFO] [cpw.mods.modlauncher.LaunchServiceHandler/MODLAUNCHER]: Launching target 'forgedatauserdev' with arguments [--gameDir, ., --assetsDir, C:\Users\26852\.gradle\caches\forge_gradle\assets, --assetIndex, 5, --mod, orecrop, --all, --output, D:\McMod20\OreCrop-20\src\generated\resources, --existing, D:\McMod20\OreCrop-20\src\main\resources]
[049月2025 21:59:03.272] [main/DEBUG] [mixin/]: Error cleaning class output directory: .mixin.out
[049月2025 21:59:03.272] [main/DEBUG] [mixin/]: Preparing mixins for MixinEnvironment[DEFAULT]
[049月2025 21:59:03.272] [main/DEBUG] [mixin/]: Selecting config jade.mixins.json
[049月2025 21:59:03.433] [main/INFO] [mixin/]: Remapping refMap jade.refmap.json using D:\McMod20\OreCrop-20/build/createSrgToMcp/output.srg
[049月2025 21:59:03.433] [main/DEBUG] [mixin/]: Selecting config endless.mixins.json
[049月2025 21:59:03.461] [main/INFO] [mixin/]: Remapping refMap endless.refmap.json using D:\McMod20\OreCrop-20/build/createSrgToMcp/output.srg
[049月2025 21:59:03.461] [main/DEBUG] [mixin/]: Selecting config botania_xplat.mixins.json
[049月2025 21:59:03.461] [main/INFO] [mixin/]: Remapping refMap botania.refmap.json using D:\McMod20\OreCrop-20/build/createSrgToMcp/output.srg
[049月2025 21:59:03.461] [main/DEBUG] [mixin/]: Selecting config botania_forge.mixins.json
[049月2025 21:59:03.461] [main/INFO] [mixin/]: Remapping refMap botania.refmap.json using D:\McMod20\OreCrop-20/build/createSrgToMcp/output.srg
[049月2025 21:59:03.461] [main/DEBUG] [mixin/]: Selecting config mixins.codechickenlib.json
[049月2025 21:59:03.461] [main/INFO] [mixin/]: Remapping refMap mixins.codechickenlib.refmap.json using D:\McMod20\OreCrop-20/build/createSrgToMcp/output.srg
[049月2025 21:59:03.461] [main/DEBUG] [mixin/]: Selecting config curios.mixins.json
[049月2025 21:59:03.477] [main/INFO] [mixin/]: Remapping refMap curios.refmap.json using D:\McMod20\OreCrop-20/build/createSrgToMcp/output.srg
[049月2025 21:59:03.477] [main/DEBUG] [mixin/]: Selecting config patchouli_xplat.mixins.json
[049月2025 21:59:03.477] [main/INFO] [mixin/]: Remapping refMap patchouli.refmap.json using D:\McMod20\OreCrop-20/build/createSrgToMcp/output.srg
[049月2025 21:59:03.477] [main/DEBUG] [mixin/]: Selecting config mixins.brandonscore.json
[049月2025 21:59:03.477] [main/INFO] [mixin/]: Remapping refMap mixins.brandonscore.refmap.json using D:\McMod20\OreCrop-20/build/createSrgToMcp/output.srg
[049月2025 21:59:03.477] [main/DEBUG] [mixin/]: Selecting config mixins.draconicevolution.json
[049月2025 21:59:03.477] [main/INFO] [mixin/]: Remapping refMap mixins.draconicevolution.refmap.json using D:\McMod20\OreCrop-20/build/createSrgToMcp/output.srg
[049月2025 21:59:03.477] [main/DEBUG] [mixin/]: Selecting config citadel.mixins.json
[049月2025 21:59:03.477] [main/INFO] [mixin/]: Remapping refMap citadel.refmap.json using D:\McMod20\OreCrop-20/build/createSrgToMcp/output.srg
[049月2025 21:59:03.477] [main/DEBUG] [mixin/]: Selecting config iceandfire.mixins.json
[049月2025 21:59:03.477] [main/INFO] [mixin/]: Remapping refMap iceandfire.refmap.json using D:\McMod20\OreCrop-20/build/createSrgToMcp/output.srg
[049月2025 21:59:03.477] [main/DEBUG] [mixin/]: Preparing jade.mixins.json (3)
[049月2025 21:59:03.583] [main/DEBUG] [mixin/]: Preparing endless.mixins.json (2)
[049月2025 21:59:03.583] [main/DEBUG] [mixin/]: Preparing botania_xplat.mixins.json (74)
[049月2025 21:59:03.631] [main/DEBUG] [net.minecraftforge.coremod.transformer.CoreModBaseTransformer/COREMOD]: Transforming net/minecraft/world/level/biome/Biome
[049月2025 21:59:03.723] [main/DEBUG] [net.minecraftforge.coremod.transformer.CoreModBaseTransformer/COREMOD]: Transforming net/minecraft/world/level/NaturalSpawner
[049月2025 21:59:03.979] [main/DEBUG] [mixin/]: Preparing botania_forge.mixins.json (6)
[049月2025 21:59:03.979] [main/DEBUG] [mixin/]: Preparing mixins.codechickenlib.json (4)
[049月2025 21:59:03.979] [main/DEBUG] [mixin/]: Preparing curios.mixins.json (13)
[049月2025 21:59:03.995] [main/DEBUG] [mixin/]: Preparing patchouli_xplat.mixins.json (10)
[049月2025 21:59:03.995] [main/DEBUG] [mixin/]: Preparing mixins.brandonscore.json (5)
[049月2025 21:59:03.995] [main/DEBUG] [mixin/]: Preparing mixins.draconicevolution.json (6)
[049月2025 21:59:03.995] [main/DEBUG] [mixin/]: Preparing citadel.mixins.json (16)
[049月2025 21:59:04.012] [main/DEBUG] [mixin/]: Preparing iceandfire.mixins.json (2)
[049月2025 21:59:04.060] [main/DEBUG] [mixin/]: Registering new injector for @Inject with org.spongepowered.asm.mixin.injection.struct.CallbackInjectionInfo
[049月2025 21:59:04.060] [main/DEBUG] [mixin/]: Registering new injector for @ModifyArg with org.spongepowered.asm.mixin.injection.struct.ModifyArgInjectionInfo
[049月2025 21:59:04.060] [main/DEBUG] [mixin/]: Registering new injector for @ModifyArgs with org.spongepowered.asm.mixin.injection.struct.ModifyArgsInjectionInfo
[049月2025 21:59:04.060] [main/DEBUG] [mixin/]: Registering new injector for @Redirect with org.spongepowered.asm.mixin.injection.struct.RedirectInjectionInfo
[049月2025 21:59:04.060] [main/DEBUG] [mixin/]: Registering new injector for @ModifyVariable with org.spongepowered.asm.mixin.injection.struct.ModifyVariableInjectionInfo
[049月2025 21:59:04.060] [main/DEBUG] [mixin/]: Registering new injector for @ModifyConstant with org.spongepowered.asm.mixin.injection.struct.ModifyConstantInjectionInfo
[049月2025 21:59:04.092] [main/DEBUG] [mixin/]: Inner class vazkii/botania/forge/mixin/client/ItemManasteelArmorForgeMixin$1 in vazkii/botania/forge/mixin/client/ItemManasteelArmorForgeMixin on vazkii/botania/common/item/equipment/armor/manasteel/ManasteelArmorItem gets unique name vazkii/botania/common/item/equipment/armor/manasteel/ManasteelArmorItem$Anonymous$ccfc4b254d7b477ea147d4efe14075f9
[049月2025 21:59:04.107] [main/DEBUG] [mixin/]: Prepared 140 mixins in 0.835 sec (6.0ms avg) (0ms load, 0ms transform, 0ms plugin)
[049月2025 21:59:04.235] [main/DEBUG] [io.netty.util.internal.logging.InternalLoggerFactory/]: Using SLF4J as the default logging framework
[049月2025 21:59:04.251] [main/DEBUG] [io.netty.util.ResourceLeakDetector/]: -Dio.netty.leakDetection.level: simple
[049月2025 21:59:04.251] [main/DEBUG] [io.netty.util.ResourceLeakDetector/]: -Dio.netty.leakDetection.targetRecords: 4
[049月2025 21:59:04.572] [main/INFO] [net.minecraftforge.data.loading.DatagenModLoader/]: Initializing Data Gatherer for mods [orecrop]
[049月2025 21:59:04.588] [main/DEBUG] [mixin/]: Mixing BuiltInRegistriesForgeAccessor from botania_forge.mixins.json into net.minecraft.core.registries.BuiltInRegistries
[049月2025 21:59:04.588] [main/DEBUG] [mixin/]: Renaming @Invoker method callRegisterDefaulted(Lnet/minecraft/resources/ResourceKey;Ljava/lang/String;Lnet/minecraft/core/registries/BuiltInRegistries$RegistryBootstrap;)Lnet/minecraft/core/DefaultedRegistry; to callRegisterDefaulted_$md$873b50$0 in botania_forge.mixins.json:BuiltInRegistriesForgeAccessor
[049月2025 21:59:04.828] [main/DEBUG] [mixin/]: Mixing EntityAccessor from botania_xplat.mixins.json into net.minecraft.world.entity.Entity
[049月2025 21:59:04.828] [main/DEBUG] [mixin/]: Mixing EntityMixin from botania_xplat.mixins.json into net.minecraft.world.entity.Entity
[049月2025 21:59:04.828] [main/DEBUG] [net.minecraftforge.coremod.transformer.CoreModBaseTransformer/COREMOD]: Transforming net/minecraft/world/entity/EntityType
[049月2025 21:59:04.860] [main/DEBUG] [net.minecraftforge.coremod.transformer.CoreModBaseTransformer/COREMOD]: Transforming net/minecraft/world/item/ItemStack
[049月2025 21:59:04.860] [main/DEBUG] [mixin/]: Mixing AccessorEntity from curios.mixins.json into net.minecraft.world.entity.Entity
[049月2025 21:59:04.860] [main/DEBUG] [mixin/]: Mixing EntityAccessor from mixins.brandonscore.json into net.minecraft.world.entity.Entity
[049月2025 21:59:04.908] [main/DEBUG] [mixin/]: Mixing LivingEntityAccessor from botania_xplat.mixins.json into net.minecraft.world.entity.LivingEntity
[049月2025 21:59:04.908] [main/DEBUG] [mixin/]: Mixing MixinLivingEntity from curios.mixins.json into net.minecraft.world.entity.LivingEntity
[049月2025 21:59:04.908] [main/DEBUG] [mixin/]: Mixing LivingEntityMixin from mixins.brandonscore.json into net.minecraft.world.entity.LivingEntity
[049月2025 21:59:04.908] [main/DEBUG] [mixin/]: Renaming synthetic method lambda$updateFallFlying$0(Lnet/minecraft/world/item/ItemStack;)Z to md873b50$lambda$updateFallFlying$0$0 in mixins.brandonscore.json:LivingEntityMixin
[049月2025 21:59:04.924] [main/DEBUG] [mixin/]: Mixing LivingEntityMixin from citadel.mixins.json into net.minecraft.world.entity.LivingEntity
[049月2025 21:59:04.972] [main/DEBUG] [mixin/]: Mixing LevelAccessor from botania_xplat.mixins.json into net.minecraft.world.level.Level
[049月2025 21:59:04.972] [main/DEBUG] [mixin/]: Mixing LevelMixin from citadel.mixins.json into net.minecraft.world.level.Level
[049月2025 21:59:04.988] [main/DEBUG] [mixin/]: Mixing ServerLevelMixin from botania_xplat.mixins.json into net.minecraft.server.level.ServerLevel
[049月2025 21:59:04.988] [main/DEBUG] [mixin/]: Mixing ServerLevelMixin from citadel.mixins.json into net.minecraft.server.level.ServerLevel
[049月2025 21:59:05.004] [main/DEBUG] [mixin/]: Mixing ItemEntityAccessor from botania_xplat.mixins.json into net.minecraft.world.entity.item.ItemEntity
[049月2025 21:59:05.004] [main/DEBUG] [mixin/]: Mixing ItemEntityMixin from botania_xplat.mixins.json into net.minecraft.world.entity.item.ItemEntity
[049月2025 21:59:05.020] [main/DEBUG] [mixin/]: Mixing PlayerMixin from botania_xplat.mixins.json into net.minecraft.world.entity.player.Player
[049月2025 21:59:05.020] [main/DEBUG] [mixin/]: Mixing PlayerMixin from mixins.brandonscore.json into net.minecraft.world.entity.player.Player
[049月2025 21:59:05.020] [main/DEBUG] [mixin/]: Renaming synthetic method lambda$tryToStartFallFlying$0(Lnet/minecraft/world/item/ItemStack;)Z to md873b50$lambda$tryToStartFallFlying$0$0 in mixins.brandonscore.json:PlayerMixin
[049月2025 21:59:05.116] [main/DEBUG] [mixin/]: Mixing ItemMixin from botania_xplat.mixins.json into net.minecraft.world.item.Item
[049月2025 21:59:05.132] [main/DEBUG] [net.minecraftforge.coremod.transformer.CoreModBaseTransformer/COREMOD]: Transforming net/minecraft/world/entity/EntityType
[049月2025 21:59:05.404] [main/DEBUG] [mixin/]: Mixing FireBlockAccessor from botania_xplat.mixins.json into net.minecraft.world.level.block.FireBlock
[049月2025 21:59:05.675] [main/DEBUG] [mixin/]: Mixing BushBlockMixin from botania_xplat.mixins.json into net.minecraft.world.level.block.BushBlock
[049月2025 21:59:05.700] [main/DEBUG] [net.minecraftforge.coremod.transformer.CoreModBaseTransformer/COREMOD]: Transforming net/minecraft/world/level/block/LiquidBlock
[049月2025 21:59:05.707] [main/DEBUG] [mixin/]: Mixing DispenserBlockAccessor from botania_xplat.mixins.json into net.minecraft.world.level.block.DispenserBlock
[049月2025 21:59:05.707] [main/DEBUG] [mixin/]: Renaming @Accessor method getDispenserRegistry()Ljava/util/Map; to getDispenserRegistry_$md$873b50$0 in botania_xplat.mixins.json:DispenserBlockAccessor
[049月2025 21:59:05.719] [main/DEBUG] [mixin/]: Mixing PistonBaseBlockMixin from botania_xplat.mixins.json into net.minecraft.world.level.block.piston.PistonBaseBlock
[049月2025 21:59:05.719] [main/DEBUG] [mixin/]: Mixing PistonBaseBlockAccessor from botania_xplat.mixins.json into net.minecraft.world.level.block.piston.PistonBaseBlock
[049月2025 21:59:05.739] [main/DEBUG] [net.minecraftforge.coremod.transformer.CoreModBaseTransformer/COREMOD]: Transforming net/minecraft/world/level/block/StairBlock
[049月2025 21:59:05.755] [main/DEBUG] [mixin/]: Mixing FarmBlockMixin from botania_xplat.mixins.json into net.minecraft.world.level.block.FarmBlock
[049月2025 21:59:05.819] [main/DEBUG] [net.minecraftforge.coremod.transformer.CoreModBaseTransformer/COREMOD]: Transforming net/minecraft/world/level/block/FlowerPotBlock
[049月2025 21:59:05.851] [main/DEBUG] [mixin/]: Mixing GrowingPlantBodyBlockMixin from botania_xplat.mixins.json into net.minecraft.world.level.block.GrowingPlantBodyBlock
[049月2025 21:59:05.867] [main/DEBUG] [mixin/]: Mixing MixinPowderSnowBlock from curios.mixins.json into net.minecraft.world.level.block.PowderSnowBlock
[049月2025 21:59:05.899] [main/DEBUG] [mixin/]: Mixing BlockPropertiesAccessor from botania_xplat.mixins.json into net.minecraft.world.level.block.state.BlockBehaviour$Properties
[049月2025 21:59:06.059] [main/DEBUG] [mixin/]: Mixing RandomizableContainerBlockEntityAccessor from botania_xplat.mixins.json into net.minecraft.world.level.block.entity.RandomizableContainerBlockEntity
[049月2025 21:59:06.342] [main/DEBUG] [mixin/]: Mixing AbstractFurnaceBlockEntityAccessor from botania_xplat.mixins.json into net.minecraft.world.level.block.entity.AbstractFurnaceBlockEntity
[049月2025 21:59:06.358] [main/DEBUG] [mixin/]: Mixing AbstractFurnaceBlockEntityForgeAccessor from botania_forge.mixins.json into net.minecraft.world.level.block.entity.AbstractFurnaceBlockEntity
[049月2025 21:59:06.429] [main/DEBUG] [mixin/]: Mixing MobAccessor from botania_xplat.mixins.json into net.minecraft.world.entity.Mob
[049月2025 21:59:06.429] [main/DEBUG] [mixin/]: Mixing MobMixin from botania_xplat.mixins.json into net.minecraft.world.entity.Mob
[049月2025 21:59:06.525] [main/DEBUG] [net.minecraftforge.coremod.transformer.CoreModBaseTransformer/COREMOD]: Transforming net/minecraft/world/item/ItemStack
[049月2025 21:59:06.589] [main/DEBUG] [mixin/]: Mixing WitherEntityAccessor from botania_xplat.mixins.json into net.minecraft.world.entity.boss.wither.WitherBoss
[049月2025 21:59:06.604] [main/DEBUG] [mixin/]: Mixing HopperBlockEntityAccessor from botania_xplat.mixins.json into net.minecraft.world.level.block.entity.HopperBlockEntity
[049月2025 21:59:06.604] [main/DEBUG] [mixin/]: Renaming @Invoker method botania_canInsert(Lnet/minecraft/world/Container;Lnet/minecraft/world/item/ItemStack;ILnet/minecraft/core/Direction;)Z to botania_canInsert_$md$873b50$0 in botania_xplat.mixins.json:HopperBlockEntityAccessor
[049月2025 21:59:06.604] [main/DEBUG] [mixin/]: Renaming @Invoker method botania_canMerge(Lnet/minecraft/world/item/ItemStack;Lnet/minecraft/world/item/ItemStack;)Z to botania_canMerge_$md$873b50$1 in botania_xplat.mixins.json:HopperBlockEntityAccessor
[049月2025 21:59:06.668] [main/DEBUG] [mixin/]: Mixing AnimalAccessor from botania_xplat.mixins.json into net.minecraft.world.entity.animal.Animal
[049月2025 21:59:06.748] [main/DEBUG] [mixin/]: Mixing LoomMenuMixin from botania_xplat.mixins.json into net.minecraft.world.inventory.LoomMenu
[049月2025 21:59:06.780] [main/DEBUG] [mixin/]: Mixing SmithingMenuMixin from citadel.mixins.json into net.minecraft.world.inventory.SmithingMenu
[049月2025 21:59:06.928] [main/DEBUG] [net.minecraftforge.coremod.transformer.CoreModBaseTransformer/COREMOD]: Transforming net/minecraft/world/entity/animal/frog/Tadpole
[049月2025 21:59:06.976] [main/DEBUG] [net.minecraftforge.coremod.transformer.CoreModBaseTransformer/COREMOD]: Transforming net/minecraft/world/item/BucketItem
[049月2025 21:59:06.992] [main/DEBUG] [mixin/]: Mixing BundleItemAccessor from botania_xplat.mixins.json into net.minecraft.world.item.BundleItem
[049月2025 21:59:06.992] [main/DEBUG] [mixin/]: Renaming @Invoker method call_getContents(Lnet/minecraft/world/item/ItemStack;)Ljava/util/stream/Stream; to call_getContents_$md$873b50$0 in botania_xplat.mixins.json:BundleItemAccessor
[049月2025 21:59:07.008] [main/DEBUG] [mixin/]: Mixing MixinShearsItem from curios.mixins.json into net.minecraft.world.item.ShearsItem
[049月2025 21:59:07.055] [main/DEBUG] [mixin/]: Mixing AbstractMinecartMixin from botania_xplat.mixins.json into net.minecraft.world.entity.vehicle.AbstractMinecart
[049月2025 21:59:07.937] [main/DEBUG] [mixin/]: Mixing ExperienceOrbAccessor from botania_xplat.mixins.json into net.minecraft.world.entity.ExperienceOrb
[049月2025 21:59:07.937] [main/DEBUG] [mixin/]: Mixing BeeMixin from botania_xplat.mixins.json into net.minecraft.world.entity.animal.Bee
[049月2025 21:59:07.951] [main/DEBUG] [mixin/]: Mixing PollinateGoalMixin from botania_xplat.mixins.json into net.minecraft.world.entity.animal.Bee$BeePollinateGoal
[049月2025 21:59:07.951] [main/DEBUG] [mixin/]: Renaming synthetic method lambda$extendPredicate$0(Lnet/minecraft/world/level/block/state/BlockState;)Z to md873b50$lambda$extendPredicate$0$0 in botania_xplat.mixins.json:PollinateGoalMixin
[049月2025 21:59:07.951] [main/DEBUG] [mixin/]: Mixing HurtByTargetGoalAccessor from botania_xplat.mixins.json into net.minecraft.world.entity.ai.goal.target.HurtByTargetGoal
[049月2025 21:59:07.951] [main/DEBUG] [mixin/]: Mixing HurtByTargetGoalMixin from botania_xplat.mixins.json into net.minecraft.world.entity.ai.goal.target.HurtByTargetGoal
[049月2025 21:59:07.967] [main/DEBUG] [mixin/]: Mixing NearestAttackableTargetGoalAccessor from botania_xplat.mixins.json into net.minecraft.world.entity.ai.goal.target.NearestAttackableTargetGoal
[049月2025 21:59:07.967] [main/DEBUG] [mixin/]: Mixing AbstractHorseAccessor from botania_xplat.mixins.json into net.minecraft.world.entity.animal.horse.AbstractHorse
[049月2025 21:59:07.983] [main/DEBUG] [net.minecraftforge.coremod.transformer.CoreModBaseTransformer/COREMOD]: Transforming net/minecraft/world/entity/monster/Spider
[049月2025 21:59:08.031] [main/DEBUG] [mixin/]: Mixing CreeperAccessor from botania_xplat.mixins.json into net.minecraft.world.entity.monster.Creeper
[049月2025 21:59:08.031] [main/DEBUG] [mixin/]: Mixing CreeperMixin from botania_xplat.mixins.json into net.minecraft.world.entity.monster.Creeper
[049月2025 21:59:08.062] [main/DEBUG] [net.minecraftforge.coremod.transformer.CoreModBaseTransformer/COREMOD]: Transforming net/minecraft/world/entity/monster/Zombie
[049月2025 21:59:08.078] [main/DEBUG] [net.minecraftforge.coremod.transformer.CoreModBaseTransformer/COREMOD]: Transforming net/minecraft/world/entity/monster/ZombieVillager
[049月2025 21:59:08.094] [main/DEBUG] [mixin/]: Mixing ThrowableProjectileMixin from botania_xplat.mixins.json into net.minecraft.world.entity.projectile.ThrowableProjectile
[049月2025 21:59:08.138] [main/DEBUG] [net.minecraftforge.coremod.transformer.CoreModBaseTransformer/COREMOD]: Transforming net/minecraft/world/entity/monster/Evoker$EvokerSummonSpellGoal
[049月2025 21:59:08.218] [main/DEBUG] [mixin/]: Mixing MushroomCowAccessor from botania_xplat.mixins.json into net.minecraft.world.entity.animal.MushroomCow
[049月2025 21:59:08.247] [main/DEBUG] [net.minecraftforge.coremod.transformer.CoreModBaseTransformer/COREMOD]: Transforming net/minecraft/world/entity/animal/horse/SkeletonTrapGoal
[049月2025 21:59:08.263] [main/DEBUG] [mixin/]: Mixing BaseSpawnerMixin from botania_xplat.mixins.json into net.minecraft.world.level.BaseSpawner
[049月2025 21:59:08.279] [main/DEBUG] [net.minecraftforge.coremod.transformer.CoreModBaseTransformer/COREMOD]: Transforming net/minecraft/world/entity/monster/Strider
[049月2025 21:59:08.361] [main/DEBUG] [mixin/]: Mixing ServerPlayerMixin from botania_xplat.mixins.json into net.minecraft.server.level.ServerPlayer
[049月2025 21:59:08.393] [main/DEBUG] [net.minecraftforge.coremod.transformer.CoreModBaseTransformer/COREMOD]: Transforming net/minecraft/world/entity/npc/Villager
[049月2025 21:59:08.451] [main/DEBUG] [net.minecraftforge.coremod.transformer.CoreModBaseTransformer/COREMOD]: Transforming net/minecraft/world/effect/MobEffectInstance
[049月2025 21:59:08.556] [main/DEBUG] [mixin/]: Mixing ProtectionEnchantmentMixin from botania_xplat.mixins.json into net.minecraft.world.item.enchantment.ProtectionEnchantment
[049月2025 21:59:08.588] [main/DEBUG] [mixin/]: Mixing StatsAccessor from botania_xplat.mixins.json into net.minecraft.stats.Stats
[049月2025 21:59:08.588] [main/DEBUG] [mixin/]: Renaming @Invoker method botania_callRegisterCustom(Ljava/lang/String;Lnet/minecraft/stats/StatFormatter;)Lnet/minecraft/resources/ResourceLocation; to botania_callRegisterCustom_$md$873b50$0 in botania_xplat.mixins.json:StatsAccessor
[049月2025 21:59:08.598] [main/DEBUG] [mixin/]: Mixing ChunkGeneratorMixin from citadel.mixins.json into net.minecraft.world.level.chunk.ChunkGenerator
[049月2025 21:59:08.624] [main/DEBUG] [mixin/]: Mixing MixinInventory from curios.mixins.json into net.minecraft.world.entity.player.Inventory
[049月2025 21:59:08.624] [main/DEBUG] [mixin/]: Mixing InventoryAccessor from botania_xplat.mixins.json into net.minecraft.world.entity.player.Inventory
[049月2025 21:59:08.640] [main/DEBUG] [mixin/]: Mixing LoomMenuPatternSlotMixin from botania_xplat.mixins.json into net.minecraft.world.inventory.LoomMenu$5
[049月2025 21:59:08.734] [main/DEBUG] [mixin/]: Mixing MixinApplyBonusCount from curios.mixins.json into net.minecraft.world.level.storage.loot.functions.ApplyBonusCount
[049月2025 21:59:08.834] [main/DEBUG] [mixin/]: Mixing gen.NoLakesInStructuresMixin from iceandfire.mixins.json into net.minecraft.world.level.levelgen.feature.LakeFeature
[049月2025 21:59:08.907] [main/DEBUG] [net.minecraftforge.coremod.transformer.CoreModBaseTransformer/COREMOD]: Transforming net/minecraft/world/level/levelgen/structure/Structure
[049月2025 21:59:08.926] [main/DEBUG] [net.minecraftforge.coremod.transformer.CoreModBaseTransformer/COREMOD]: Transforming net/minecraft/world/level/levelgen/structure/structures/OceanRuinPieces$OceanRuinPiece
[049月2025 21:59:08.926] [main/DEBUG] [net.minecraftforge.coremod.transformer.CoreModBaseTransformer/COREMOD]: Transforming net/minecraft/world/level/levelgen/structure/structures/SwampHutPiece
[049月2025 21:59:08.926] [main/DEBUG] [net.minecraftforge.coremod.transformer.CoreModBaseTransformer/COREMOD]: Transforming net/minecraft/world/level/levelgen/structure/structures/OceanMonumentPieces$OceanMonumentPiece
[049月2025 21:59:08.941] [main/DEBUG] [net.minecraftforge.coremod.transformer.CoreModBaseTransformer/COREMOD]: Transforming net/minecraft/world/level/levelgen/structure/structures/WoodlandMansionPieces$WoodlandMansionPiece
[049月2025 21:59:08.970] [main/DEBUG] [mixin/]: Mixing PlacementContextMixin from botania_xplat.mixins.json into net.minecraft.world.level.levelgen.placement.PlacementContext
[049月2025 21:59:08.990] [main/DEBUG] [net.minecraftforge.coremod.transformer.CoreModBaseTransformer/COREMOD]: Transforming net/minecraft/world/level/biome/Biome
[049月2025 21:59:08.990] [main/DEBUG] [mixin/]: Mixing BiomeAccessor from botania_xplat.mixins.json into net.minecraft.world.level.biome.Biome
[049月2025 21:59:09.026] [main/DEBUG] [mixin/]: Mixing TheEndBiomeSourceMixin from mixins.draconicevolution.json into net.minecraft.world.level.biome.TheEndBiomeSource
[049月2025 21:59:09.035] [main/DEBUG] [mixin/]: Mixing NoiseGeneratorSettingsMixin from citadel.mixins.json into net.minecraft.world.level.levelgen.NoiseGeneratorSettings
[049月2025 21:59:09.064] [main/DEBUG] [mixin/]: Mixing EndIslandDensityFunctionMixin from mixins.draconicevolution.json into net.minecraft.world.level.levelgen.DensityFunctions$EndIslandDensityFunction
[049月2025 21:59:09.111] [main/DEBUG] [net.minecraftforge.registries.GameData/REGISTRIES]: Creating vanilla freeze snapshot
[049月2025 21:59:09.111] [main/DEBUG] [net.minecraftforge.registries.ForgeRegistry/REGISTRIES]: Registry minecraft:block Sync: VANILLA -> ACTIVE
[049月2025 21:59:09.127] [main/DEBUG] [net.minecraftforge.registries.ForgeRegistry/REGISTRIES]: Registry minecraft:fluid Sync: VANILLA -> ACTIVE
[049月2025 21:59:09.127] [main/DEBUG] [net.minecraftforge.registries.ForgeRegistry/REGISTRIES]: Registry minecraft:item Sync: VANILLA -> ACTIVE
[049月2025 21:59:09.127] [main/DEBUG] [net.minecraftforge.registries.ForgeRegistry/REGISTRIES]: Registry minecraft:mob_effect Sync: VANILLA -> ACTIVE
[049月2025 21:59:09.127] [main/DEBUG] [net.minecraftforge.registries.ForgeRegistry/REGISTRIES]: Registry minecraft:sound_event Sync: VANILLA -> ACTIVE
[049月2025 21:59:09.127] [main/DEBUG] [net.minecraftforge.registries.ForgeRegistry/REGISTRIES]: Registry minecraft:potion Sync: VANILLA -> ACTIVE
[049月2025 21:59:09.127] [main/DEBUG] [net.minecraftforge.registries.ForgeRegistry/REGISTRIES]: Registry minecraft:enchantment Sync: VANILLA -> ACTIVE
[049月2025 21:59:09.127] [main/DEBUG] [net.minecraftforge.registries.ForgeRegistry/REGISTRIES]: Registry minecraft:entity_type Sync: VANILLA -> ACTIVE
[049月2025 21:59:09.127] [main/DEBUG] [net.minecraftforge.registries.ForgeRegistry/REGISTRIES]: Registry minecraft:block_entity_type Sync: VANILLA -> ACTIVE
[049月2025 21:59:09.127] [main/DEBUG] [net.minecraftforge.registries.ForgeRegistry/REGISTRIES]: Registry minecraft:particle_type Sync: VANILLA -> ACTIVE
[049月2025 21:59:09.127] [main/DEBUG] [net.minecraftforge.registries.ForgeRegistry/REGISTRIES]: Registry minecraft:menu Sync: VANILLA -> ACTIVE
[049月2025 21:59:09.127] [main/DEBUG] [net.minecraftforge.registries.ForgeRegistry/REGISTRIES]: Registry minecraft:painting_variant Sync: VANILLA -> ACTIVE
[049月2025 21:59:09.127] [main/DEBUG] [net.minecraftforge.registries.ForgeRegistry/REGISTRIES]: Registry minecraft:recipe_type Sync: VANILLA -> ACTIVE
[049月2025 21:59:09.127] [main/DEBUG] [net.minecraftforge.registries.ForgeRegistry/REGISTRIES]: Registry minecraft:recipe_serializer Sync: VANILLA -> ACTIVE
[049月2025 21:59:09.127] [main/DEBUG] [net.minecraftforge.registries.ForgeRegistry/REGISTRIES]: Registry minecraft:attribute Sync: VANILLA -> ACTIVE
[049月2025 21:59:09.127] [main/DEBUG] [net.minecraftforge.registries.ForgeRegistry/REGISTRIES]: Registry minecraft:stat_type Sync: VANILLA -> ACTIVE
[049月2025 21:59:09.127] [main/DEBUG] [net.minecraftforge.registries.ForgeRegistry/REGISTRIES]: Registry minecraft:command_argument_type Sync: VANILLA -> ACTIVE
[049月2025 21:59:09.127] [main/DEBUG] [net.minecraftforge.registries.ForgeRegistry/REGISTRIES]: Registry minecraft:villager_profession Sync: VANILLA -> ACTIVE
[049月2025 21:59:09.127] [main/DEBUG] [net.minecraftforge.registries.ForgeRegistry/REGISTRIES]: Registry minecraft:point_of_interest_type Sync: VANILLA -> ACTIVE
[049月2025 21:59:09.127] [main/DEBUG] [net.minecraftforge.registries.ForgeRegistry/REGISTRIES]: Registry minecraft:memory_module_type Sync: VANILLA -> ACTIVE
[049月2025 21:59:09.127] [main/DEBUG] [net.minecraftforge.registries.ForgeRegistry/REGISTRIES]: Registry minecraft:sensor_type Sync: VANILLA -> ACTIVE
[049月2025 21:59:09.127] [main/DEBUG] [net.minecraftforge.registries.ForgeRegistry/REGISTRIES]: Registry minecraft:schedule Sync: VANILLA -> ACTIVE
[049月2025 21:59:09.127] [main/DEBUG] [net.minecraftforge.registries.ForgeRegistry/REGISTRIES]: Registry minecraft:activity Sync: VANILLA -> ACTIVE
[049月2025 21:59:09.127] [main/DEBUG] [net.minecraftforge.registries.ForgeRegistry/REGISTRIES]: Registry minecraft:worldgen/carver Sync: VANILLA -> ACTIVE
[049月2025 21:59:09.127] [main/DEBUG] [net.minecraftforge.registries.ForgeRegistry/REGISTRIES]: Registry minecraft:worldgen/feature Sync: VANILLA -> ACTIVE
[049月2025 21:59:09.127] [main/DEBUG] [net.minecraftforge.registries.ForgeRegistry/REGISTRIES]: Registry minecraft:chunk_status Sync: VANILLA -> ACTIVE
[049月2025 21:59:09.127] [main/DEBUG] [net.minecraftforge.registries.ForgeRegistry/REGISTRIES]: Registry minecraft:worldgen/block_state_provider_type Sync: VANILLA -> ACTIVE
[049月2025 21:59:09.127] [main/DEBUG] [net.minecraftforge.registries.ForgeRegistry/REGISTRIES]: Registry minecraft:worldgen/foliage_placer_type Sync: VANILLA -> ACTIVE
[049月2025 21:59:09.127] [main/DEBUG] [net.minecraftforge.registries.ForgeRegistry/REGISTRIES]: Registry minecraft:worldgen/tree_decorator_type Sync: VANILLA -> ACTIVE
[049月2025 21:59:09.127] [main/DEBUG] [net.minecraftforge.registries.ForgeRegistry/REGISTRIES]: Registry minecraft:worldgen/biome Sync: VANILLA -> ACTIVE
[049月2025 21:59:09.127] [main/DEBUG] [net.minecraftforge.registries.GameData/REGISTRIES]: Vanilla freeze snapshot created
[049月2025 21:59:09.175] [main/DEBUG] [io.netty.util.internal.PlatformDependent0/]: -Dio.netty.noUnsafe: false
[049月2025 21:59:09.175] [main/DEBUG] [io.netty.util.internal.PlatformDependent0/]: Java version: 17
[049月2025 21:59:09.175] [main/DEBUG] [io.netty.util.internal.PlatformDependent0/]: sun.misc.Unsafe.theUnsafe: available
[049月2025 21:59:09.175] [main/DEBUG] [io.netty.util.internal.PlatformDependent0/]: sun.misc.Unsafe.copyMemory: available
[049月2025 21:59:09.175] [main/DEBUG] [io.netty.util.internal.PlatformDependent0/]: sun.misc.Unsafe.storeFence: available
[049月2025 21:59:09.175] [main/DEBUG] [io.netty.util.internal.PlatformDependent0/]: java.nio.Buffer.address: available
[049月2025 21:59:09.175] [main/DEBUG] [io.netty.util.internal.PlatformDependent0/]: direct buffer constructor: unavailable
java.lang.UnsupportedOperationException: Reflective setAccessible(true) disabled
	at io.netty.util.internal.ReflectionUtil.trySetAccessible(ReflectionUtil.java:31) ~[netty-common-4.1.82.Final.jar:4.1.82.Final]
	at io.netty.util.internal.PlatformDependent0$5.run(PlatformDependent0.java:288) ~[netty-common-4.1.82.Final.jar:4.1.82.Final]
	at java.security.AccessController.doPrivileged(AccessController.java:318) ~[?:?]
	at io.netty.util.internal.PlatformDependent0.<clinit>(PlatformDependent0.java:282) ~[netty-common-4.1.82.Final.jar:4.1.82.Final]
	at io.netty.util.internal.PlatformDependent.isAndroid(PlatformDependent.java:333) ~[netty-common-4.1.82.Final.jar:4.1.82.Final]
	at io.netty.util.internal.PlatformDependent.<clinit>(PlatformDependent.java:88) ~[netty-common-4.1.82.Final.jar:4.1.82.Final]
	at io.netty.util.ConstantPool.<init>(ConstantPool.java:34) ~[netty-common-4.1.82.Final.jar:4.1.82.Final]
	at io.netty.util.AttributeKey$1.<init>(AttributeKey.java:27) ~[netty-common-4.1.82.Final.jar:4.1.82.Final]
	at io.netty.util.AttributeKey.<clinit>(AttributeKey.java:27) ~[netty-common-4.1.82.Final.jar:4.1.82.Final]
	at net.minecraftforge.network.NetworkConstants.<clinit>(NetworkConstants.java:34) ~[forge-1.20.1-47.4.0_mapped_official_1.20.1.jar:?]
	at net.minecraftforge.network.NetworkHooks.init(NetworkHooks.java:52) ~[forge-1.20.1-47.4.0_mapped_official_1.20.1.jar:?]
	at net.minecraft.server.Bootstrap.bootStrap(Bootstrap.java:62) ~[forge-1.20.1-47.4.0_mapped_official_1.20.1.jar:?]
	at net.minecraftforge.data.loading.DatagenModLoader.begin(DatagenModLoader.java:42) ~[forge-1.20.1-47.4.0_mapped_official_1.20.1.jar:?]
	at net.minecraft.data.Main.main(Main.java:90) ~[forge-1.20.1-47.4.0_mapped_official_1.20.1.jar:?]
	at jdk.internal.reflect.NativeMethodAccessorImpl.invoke0(Native Method) ~[?:?]
	at jdk.internal.reflect.NativeMethodAccessorImpl.invoke(NativeMethodAccessorImpl.java:77) ~[?:?]
	at jdk.internal.reflect.DelegatingMethodAccessorImpl.invoke(DelegatingMethodAccessorImpl.java:43) ~[?:?]
	at java.lang.reflect.Method.invoke(Method.java:568) ~[?:?]
	at net.minecraftforge.fml.loading.targets.CommonLaunchHandler.runTarget(CommonLaunchHandler.java:111) ~[fmlloader-1.20.1-47.4.0.jar:?]
	at net.minecraftforge.fml.loading.targets.CommonLaunchHandler.dataService(CommonLaunchHandler.java:107) ~[fmlloader-1.20.1-47.4.0.jar:?]
	at net.minecraftforge.fml.loading.targets.ForgeDataUserdevLaunchHandler.devService(ForgeDataUserdevLaunchHandler.java:22) ~[fmlloader-1.20.1-47.4.0.jar:?]
	at net.minecraftforge.fml.loading.targets.CommonDevLaunchHandler.lambda$makeService$7(CommonDevLaunchHandler.java:135) ~[fmlloader-1.20.1-47.4.0.jar:?]
	at cpw.mods.modlauncher.LaunchServiceHandlerDecorator.launch(LaunchServiceHandlerDecorator.java:30) ~[modlauncher-10.0.9.jar:?]
	at cpw.mods.modlauncher.LaunchServiceHandler.launch(LaunchServiceHandler.java:53) ~[modlauncher-10.0.9.jar:?]
	at cpw.mods.modlauncher.LaunchServiceHandler.launch(LaunchServiceHandler.java:71) ~[modlauncher-10.0.9.jar:?]
	at cpw.mods.modlauncher.Launcher.run(Launcher.java:108) ~[modlauncher-10.0.9.jar:?]
	at cpw.mods.modlauncher.Launcher.main(Launcher.java:78) ~[modlauncher-10.0.9.jar:?]
	at cpw.mods.modlauncher.BootstrapLaunchConsumer.accept(BootstrapLaunchConsumer.java:26) ~[modlauncher-10.0.9.jar:?]
	at cpw.mods.modlauncher.BootstrapLaunchConsumer.accept(BootstrapLaunchConsumer.java:23) ~[modlauncher-10.0.9.jar:?]
	at cpw.mods.bootstraplauncher.BootstrapLauncher.main(BootstrapLauncher.java:141) ~[bootstraplauncher-1.1.2.jar:?]
[049月2025 21:59:09.190] [main/DEBUG] [io.netty.util.internal.PlatformDependent0/]: java.nio.Bits.unaligned: available, true
[049月2025 21:59:09.190] [main/DEBUG] [io.netty.util.internal.PlatformDependent0/]: jdk.internal.misc.Unsafe.allocateUninitializedArray(int): unavailable
java.lang.IllegalAccessException: class io.netty.util.internal.PlatformDependent0$7 (in module io.netty.common) cannot access class jdk.internal.misc.Unsafe (in module java.base) because module java.base does not export jdk.internal.misc to module io.netty.common
	at jdk.internal.reflect.Reflection.newIllegalAccessException(Reflection.java:392) ~[?:?]
	at java.lang.reflect.AccessibleObject.checkAccess(AccessibleObject.java:674) ~[?:?]
	at java.lang.reflect.Method.invoke(Method.java:560) ~[?:?]
	at io.netty.util.internal.PlatformDependent0$7.run(PlatformDependent0.java:410) ~[netty-common-4.1.82.Final.jar:4.1.82.Final]
	at java.security.AccessController.doPrivileged(AccessController.java:318) ~[?:?]
	at io.netty.util.internal.PlatformDependent0.<clinit>(PlatformDependent0.java:401) ~[netty-common-4.1.82.Final.jar:4.1.82.Final]
	at io.netty.util.internal.PlatformDependent.isAndroid(PlatformDependent.java:333) ~[netty-common-4.1.82.Final.jar:4.1.82.Final]
	at io.netty.util.internal.PlatformDependent.<clinit>(PlatformDependent.java:88) ~[netty-common-4.1.82.Final.jar:4.1.82.Final]
	at io.netty.util.ConstantPool.<init>(ConstantPool.java:34) ~[netty-common-4.1.82.Final.jar:4.1.82.Final]
	at io.netty.util.AttributeKey$1.<init>(AttributeKey.java:27) ~[netty-common-4.1.82.Final.jar:4.1.82.Final]
	at io.netty.util.AttributeKey.<clinit>(AttributeKey.java:27) ~[netty-common-4.1.82.Final.jar:4.1.82.Final]
	at net.minecraftforge.network.NetworkConstants.<clinit>(NetworkConstants.java:34) ~[forge-1.20.1-47.4.0_mapped_official_1.20.1.jar:?]
	at net.minecraftforge.network.NetworkHooks.init(NetworkHooks.java:52) ~[forge-1.20.1-47.4.0_mapped_official_1.20.1.jar:?]
	at net.minecraft.server.Bootstrap.bootStrap(Bootstrap.java:62) ~[forge-1.20.1-47.4.0_mapped_official_1.20.1.jar:?]
	at net.minecraftforge.data.loading.DatagenModLoader.begin(DatagenModLoader.java:42) ~[forge-1.20.1-47.4.0_mapped_official_1.20.1.jar:?]
	at net.minecraft.data.Main.main(Main.java:90) ~[forge-1.20.1-47.4.0_mapped_official_1.20.1.jar:?]
	at jdk.internal.reflect.NativeMethodAccessorImpl.invoke0(Native Method) ~[?:?]
	at jdk.internal.reflect.NativeMethodAccessorImpl.invoke(NativeMethodAccessorImpl.java:77) ~[?:?]
	at jdk.internal.reflect.DelegatingMethodAccessorImpl.invoke(DelegatingMethodAccessorImpl.java:43) ~[?:?]
	at java.lang.reflect.Method.invoke(Method.java:568) ~[?:?]
	at net.minecraftforge.fml.loading.targets.CommonLaunchHandler.runTarget(CommonLaunchHandler.java:111) ~[fmlloader-1.20.1-47.4.0.jar:?]
	at net.minecraftforge.fml.loading.targets.CommonLaunchHandler.dataService(CommonLaunchHandler.java:107) ~[fmlloader-1.20.1-47.4.0.jar:?]
	at net.minecraftforge.fml.loading.targets.ForgeDataUserdevLaunchHandler.devService(ForgeDataUserdevLaunchHandler.java:22) ~[fmlloader-1.20.1-47.4.0.jar:?]
	at net.minecraftforge.fml.loading.targets.CommonDevLaunchHandler.lambda$makeService$7(CommonDevLaunchHandler.java:135) ~[fmlloader-1.20.1-47.4.0.jar:?]
	at cpw.mods.modlauncher.LaunchServiceHandlerDecorator.launch(LaunchServiceHandlerDecorator.java:30) ~[modlauncher-10.0.9.jar:?]
	at cpw.mods.modlauncher.LaunchServiceHandler.launch(LaunchServiceHandler.java:53) ~[modlauncher-10.0.9.jar:?]
	at cpw.mods.modlauncher.LaunchServiceHandler.launch(LaunchServiceHandler.java:71) ~[modlauncher-10.0.9.jar:?]
	at cpw.mods.modlauncher.Launcher.run(Launcher.java:108) ~[modlauncher-10.0.9.jar:?]
	at cpw.mods.modlauncher.Launcher.main(Launcher.java:78) ~[modlauncher-10.0.9.jar:?]
	at cpw.mods.modlauncher.BootstrapLaunchConsumer.accept(BootstrapLaunchConsumer.java:26) ~[modlauncher-10.0.9.jar:?]
	at cpw.mods.modlauncher.BootstrapLaunchConsumer.accept(BootstrapLaunchConsumer.java:23) ~[modlauncher-10.0.9.jar:?]
	at cpw.mods.bootstraplauncher.BootstrapLauncher.main(BootstrapLauncher.java:141) ~[bootstraplauncher-1.1.2.jar:?]
[049月2025 21:59:09.190] [main/DEBUG] [io.netty.util.internal.PlatformDependent0/]: java.nio.DirectByteBuffer.<init>(long, int): unavailable
[049月2025 21:59:09.190] [main/DEBUG] [io.netty.util.internal.PlatformDependent/]: sun.misc.Unsafe: available
[049月2025 21:59:09.206] [main/DEBUG] [io.netty.util.internal.PlatformDependent/]: maxDirectMemory: 8535408640 bytes (maybe)
[049月2025 21:59:09.206] [main/DEBUG] [io.netty.util.internal.PlatformDependent/]: -Dio.netty.tmpdir: C:\Users\26852\AppData\Local\Temp (java.io.tmpdir)
[049月2025 21:59:09.206] [main/DEBUG] [io.netty.util.internal.PlatformDependent/]: -Dio.netty.bitMode: 64 (sun.arch.data.model)
[049月2025 21:59:09.206] [main/DEBUG] [io.netty.util.internal.PlatformDependent/]: Platform: Windows
[049月2025 21:59:09.206] [main/DEBUG] [io.netty.util.internal.PlatformDependent/]: -Dio.netty.maxDirectMemory: -1 bytes
[049月2025 21:59:09.206] [main/DEBUG] [io.netty.util.internal.PlatformDependent/]: -Dio.netty.uninitializedArrayAllocationThreshold: -1
[049月2025 21:59:09.206] [main/DEBUG] [io.netty.util.internal.CleanerJava9/]: java.nio.ByteBuffer.cleaner(): available
[049月2025 21:59:09.206] [main/DEBUG] [io.netty.util.internal.PlatformDependent/]: -Dio.netty.noPreferDirect: false
[049月2025 21:59:09.282] [main/DEBUG] [net.minecraftforge.network.NetworkHooks/]: Loading Network data for FML net version: FML3
[049月2025 21:59:09.299] [main/DEBUG] [net.minecraftforge.fml.ModWorkManager/LOADING]: Using 32 threads for parallel mod-loading
[049月2025 21:59:09.303] [main/DEBUG] [net.minecraftforge.fml.javafmlmod.FMLJavaModLanguageProvider/LOADING]: Loading FMLModContainer from classloader cpw.mods.modlauncher.TransformingClassLoader@4d634127 - got cpw.mods.cl.ModuleClassLoader@68ba310d
[049月2025 21:59:09.303] [main/DEBUG] [net.minecraftforge.fml.javafmlmod.FMLModContainer/LOADING]: Creating FMLModContainer instance for com.yuo.orecrop.OreCrop
[049月2025 21:59:09.303] [main/DEBUG] [net.minecraftforge.fml.javafmlmod.FMLJavaModLanguageProvider/LOADING]: Loading FMLModContainer from classloader cpw.mods.modlauncher.TransformingClassLoader@4d634127 - got cpw.mods.cl.ModuleClassLoader@68ba310d
[049月2025 21:59:09.303] [main/DEBUG] [net.minecraftforge.fml.javafmlmod.FMLModContainer/LOADING]: Creating FMLModContainer instance for snownee.jade.util.CommonProxy
[049月2025 21:59:09.303] [main/DEBUG] [net.minecraftforge.fml.javafmlmod.FMLJavaModLanguageProvider/LOADING]: Loading FMLModContainer from classloader cpw.mods.modlauncher.TransformingClassLoader@4d634127 - got cpw.mods.cl.ModuleClassLoader@68ba310d
[049月2025 21:59:09.303] [main/DEBUG] [net.minecraftforge.fml.javafmlmod.FMLModContainer/LOADING]: Creating FMLModContainer instance for com.yuo.endless.Endless
[049月2025 21:59:09.303] [main/DEBUG] [net.minecraftforge.fml.javafmlmod.FMLJavaModLanguageProvider/LOADING]: Loading FMLModContainer from classloader cpw.mods.modlauncher.TransformingClassLoader@4d634127 - got cpw.mods.cl.ModuleClassLoader@68ba310d
[049月2025 21:59:09.303] [main/DEBUG] [net.minecraftforge.fml.javafmlmod.FMLModContainer/LOADING]: Creating FMLModContainer instance for mezz.jei.forge.JustEnoughItems
[049月2025 21:59:09.303] [main/DEBUG] [net.minecraftforge.fml.javafmlmod.FMLJavaModLanguageProvider/LOADING]: Loading FMLModContainer from classloader cpw.mods.modlauncher.TransformingClassLoader@4d634127 - got cpw.mods.cl.ModuleClassLoader@68ba310d
[049月2025 21:59:09.303] [main/DEBUG] [net.minecraftforge.fml.javafmlmod.FMLModContainer/LOADING]: Creating FMLModContainer instance for vazkii.botania.forge.ForgeCommonInitializer
[049月2025 21:59:09.303] [main/DEBUG] [net.minecraftforge.fml.javafmlmod.FMLJavaModLanguageProvider/LOADING]: Loading FMLModContainer from classloader cpw.mods.modlauncher.TransformingClassLoader@4d634127 - got cpw.mods.cl.ModuleClassLoader@68ba310d
[049月2025 21:59:09.303] [main/DEBUG] [net.minecraftforge.fml.javafmlmod.FMLModContainer/LOADING]: Creating FMLModContainer instance for net.minecraftforge.common.ForgeMod
[049月2025 21:59:09.303] [main/DEBUG] [net.minecraftforge.fml.javafmlmod.FMLJavaModLanguageProvider/LOADING]: Loading FMLModContainer from classloader cpw.mods.modlauncher.TransformingClassLoader@4d634127 - got cpw.mods.cl.ModuleClassLoader@68ba310d
[049月2025 21:59:09.303] [main/DEBUG] [net.minecraftforge.fml.javafmlmod.FMLModContainer/LOADING]: Creating FMLModContainer instance for codechicken.lib.CodeChickenLib
[049月2025 21:59:09.303] [main/DEBUG] [net.minecraftforge.fml.javafmlmod.FMLJavaModLanguageProvider/LOADING]: Loading FMLModContainer from classloader cpw.mods.modlauncher.TransformingClassLoader@4d634127 - got cpw.mods.cl.ModuleClassLoader@68ba310d
[049月2025 21:59:09.303] [main/DEBUG] [net.minecraftforge.fml.javafmlmod.FMLModContainer/LOADING]: Creating FMLModContainer instance for top.theillusivec4.curios.Curios
[049月2025 21:59:09.303] [main/DEBUG] [net.minecraftforge.fml.javafmlmod.FMLJavaModLanguageProvider/LOADING]: Loading FMLModContainer from classloader cpw.mods.modlauncher.TransformingClassLoader@4d634127 - got cpw.mods.cl.ModuleClassLoader@68ba310d
[049月2025 21:59:09.303] [main/DEBUG] [net.minecraftforge.fml.javafmlmod.FMLModContainer/LOADING]: Creating FMLModContainer instance for vazkii.patchouli.forge.common.ForgeModInitializer
[049月2025 21:59:09.303] [main/DEBUG] [net.minecraftforge.fml.javafmlmod.FMLJavaModLanguageProvider/LOADING]: Loading FMLModContainer from classloader cpw.mods.modlauncher.TransformingClassLoader@4d634127 - got cpw.mods.cl.ModuleClassLoader@68ba310d
[049月2025 21:59:09.303] [main/DEBUG] [net.minecraftforge.fml.javafmlmod.FMLModContainer/LOADING]: Creating FMLModContainer instance for com.brandon3055.brandonscore.BrandonsCore
[049月2025 21:59:09.303] [main/DEBUG] [net.minecraftforge.fml.javafmlmod.FMLJavaModLanguageProvider/LOADING]: Loading FMLModContainer from classloader cpw.mods.modlauncher.TransformingClassLoader@4d634127 - got cpw.mods.cl.ModuleClassLoader@68ba310d
[049月2025 21:59:09.303] [main/DEBUG] [net.minecraftforge.fml.javafmlmod.FMLModContainer/LOADING]: Creating FMLModContainer instance for com.brandon3055.draconicevolution.DraconicEvolution
[049月2025 21:59:09.303] [main/DEBUG] [net.minecraftforge.fml.javafmlmod.FMLJavaModLanguageProvider/LOADING]: Loading FMLModContainer from classloader cpw.mods.modlauncher.TransformingClassLoader@4d634127 - got cpw.mods.cl.ModuleClassLoader@68ba310d
[049月2025 21:59:09.303] [main/DEBUG] [net.minecraftforge.fml.javafmlmod.FMLModContainer/LOADING]: Creating FMLModContainer instance for com.github.alexthe666.citadel.Citadel
[049月2025 21:59:09.303] [main/DEBUG] [net.minecraftforge.fml.javafmlmod.FMLJavaModLanguageProvider/LOADING]: Loading FMLModContainer from classloader cpw.mods.modlauncher.TransformingClassLoader@4d634127 - got cpw.mods.cl.ModuleClassLoader@68ba310d
[049月2025 21:59:09.303] [main/DEBUG] [net.minecraftforge.fml.javafmlmod.FMLModContainer/LOADING]: Creating FMLModContainer instance for com.github.alexthe666.iceandfire.IceAndFire
[049月2025 21:59:09.353] [modloading-worker-0/DEBUG] [mixin/]: Mixing LocalPlayerMixin from mixins.brandonscore.json into net.minecraft.client.player.LocalPlayer
[049月2025 21:59:09.353] [modloading-worker-0/DEBUG] [mixin/]: Renaming synthetic method lambda$aiStep$0(Lnet/minecraft/world/item/ItemStack;)Z to md873b50$lambda$aiStep$0$0 in mixins.brandonscore.json:LocalPlayerMixin
[049月2025 21:59:09.367] [modloading-worker-0/DEBUG] [mixin/]: Mixing client.AccessorScreen from patchouli_xplat.mixins.json into net.minecraft.client.gui.screens.Screen
[049月2025 21:59:09.371] [modloading-worker-0/DEBUG] [mixin/]: Mixing client.AbstractClientPlayerMixin from citadel.mixins.json into net.minecraft.client.player.AbstractClientPlayer
[049月2025 21:59:09.378] [modloading-worker-0/DEBUG] [mixin/]: Mixing client.ClientLevelMixin from citadel.mixins.json into net.minecraft.client.multiplayer.ClientLevel
[049月2025 21:59:09.389] [modloading-worker-0/INFO] [BrandonsCore/]: Knock Knock...
[049月2025 21:59:09.389] [modloading-worker-0/WARN] [draconicevolution/]: Reactor detonation initiated.
[049月2025 21:59:09.389] [modloading-worker-0/INFO] [BrandonsCore/]: Wait... NO! What?
[049月2025 21:59:09.389] [modloading-worker-0/INFO] [BrandonsCore/]: Stop That! That's not how this works!
[049月2025 21:59:09.389] [modloading-worker-0/WARN] [draconicevolution/]: Calculating explosion ETA
[049月2025 21:59:09.389] [modloading-worker-0/INFO] [BrandonsCore/]: Ahh... NO... NONONO! DONT DO THAT!!! STOP THIS NOW!
[049月2025 21:59:09.389] [modloading-worker-0/WARN] [draconicevolution/]: **Explosion Imminent!!!**
[049月2025 21:59:09.389] [modloading-worker-0/INFO] [BrandonsCore/]: Well...... fork...
[049月2025 21:59:09.403] [modloading-worker-0/DEBUG] [net.minecraftforge.versions.forge.ForgeVersion/CORE]: Forge Version package package net.minecraftforge.versions.forge, Forge, version 47.4 from cpw.mods.modlauncher.TransformingClassLoader@4d634127
[049月2025 21:59:09.403] [modloading-worker-0/DEBUG] [net.minecraftforge.versions.forge.ForgeVersion/CORE]: Found Forge version 47.4.0
[049月2025 21:59:09.403] [modloading-worker-0/DEBUG] [net.minecraftforge.versions.forge.ForgeVersion/CORE]: Found Forge spec 47.4
[049月2025 21:59:09.403] [modloading-worker-0/DEBUG] [net.minecraftforge.versions.forge.ForgeVersion/CORE]: Found Forge group net.minecraftforge
[049月2025 21:59:09.405] [modloading-worker-0/DEBUG] [net.minecraftforge.versions.mcp.MCPVersion/CORE]: MCP Version package package net.minecraftforge.versions.mcp, Minecraft, version 1.20.1 from cpw.mods.modlauncher.TransformingClassLoader@4d634127
[049月2025 21:59:09.405] [modloading-worker-0/DEBUG] [net.minecraftforge.versions.mcp.MCPVersion/CORE]: Found MC version information 1.20.1
[049月2025 21:59:09.405] [modloading-worker-0/DEBUG] [net.minecraftforge.versions.mcp.MCPVersion/CORE]: Found MCP version information 20230612.114412
[049月2025 21:59:09.405] [modloading-worker-0/INFO] [net.minecraftforge.common.ForgeMod/FORGEMOD]: Forge mod loading, version 47.4.0, for MC 1.20.1 with MCP 20230612.114412
[049月2025 21:59:09.408] [modloading-worker-0/INFO] [net.minecraftforge.common.MinecraftForge/FORGE]: MinecraftForge v47.4.0 Initialized
[049月2025 21:59:09.417] [modloading-worker-0/DEBUG] [mixin/]: Mixing MinecraftServerMixin from citadel.mixins.json into net.minecraft.server.MinecraftServer
[049月2025 21:59:09.432] [modloading-worker-0/DEBUG] [net.minecraftforge.fml.config.ConfigTracker/CONFIG]: Config file jei-server.toml for jei tracking
[049月2025 21:59:09.437] [modloading-worker-0/DEBUG] [net.minecraftforge.fml.config.ConfigTracker/CONFIG]: Config file patchouli-client.toml for patchouli tracking
[049月2025 21:59:09.447] [modloading-worker-0/DEBUG] [net.minecraftforge.fml.config.ConfigTracker/CONFIG]: Config file iceandfire-client.toml for iceandfire tracking
[049月2025 21:59:09.447] [modloading-worker-0/DEBUG] [net.minecraftforge.fml.config.ConfigTracker/CONFIG]: Config file iceandfire-common.toml for iceandfire tracking
[049月2025 21:59:09.447] [modloading-worker-0/DEBUG] [net.minecraftforge.fml.javafmlmod.AutomaticEventSubscriber/LOADING]: Attempting to inject @EventBusSubscriber classes into the eventbus for patchouli
[049月2025 21:59:09.447] [modloading-worker-0/DEBUG] [net.minecraftforge.fml.config.ConfigTracker/CONFIG]: Config file endless-common.toml for endless tracking
[049月2025 21:59:09.447] [modloading-worker-0/DEBUG] [mixin/]: Mixing client.MinecraftAccessor from botania_xplat.mixins.json into net.minecraft.client.Minecraft
[049月2025 21:59:09.459] [modloading-worker-0/DEBUG] [mixin/]: Mixing MinecraftMixin from mixins.codechickenlib.json into net.minecraft.client.Minecraft
[049月2025 21:59:09.461] [modloading-worker-0/DEBUG] [net.minecraftforge.fml.config.ConfigTracker/CONFIG]: Config file botania-common.toml for botania tracking
[049月2025 21:59:09.471] [modloading-worker-0/DEBUG] [net.minecraftforge.fml.javafmlmod.AutomaticEventSubscriber/LOADING]: Auto-subscribing vazkii.patchouli.forge.common.ForgeModInitializer to MOD
[049月2025 21:59:09.485] [modloading-worker-0/DEBUG] [net.minecraftforge.fml.javafmlmod.AutomaticEventSubscriber/LOADING]: Auto-subscribing vazkii.patchouli.forge.client.ForgeClientInitializer to MOD
[049月2025 22:03:48.700] [modloading-worker-0/DEBUG] [mixin/]: Mixing client.AccessorKeyMapping from patchouli_xplat.mixins.json into net.minecraft.client.KeyMapping
[049月2025 22:03:48.700] [modloading-worker-0/DEBUG] [mixin/]: Renaming @Accessor method getAllKeyMappings()Ljava/util/Map; to getAllKeyMappings_$md$873b50$0 in patchouli_xplat.mixins.json:client.AccessorKeyMapping
[049月2025 22:03:48.708] [modloading-worker-0/DEBUG] [mixin/]: Mixing client.ModelBakeryForgeAccessor from botania_forge.mixins.json into net.minecraft.client.resources.model.ModelBakery
[049月2025 22:03:48.713] [modloading-worker-0/DEBUG] [net.minecraftforge.fml.javafmlmod.AutomaticEventSubscriber/LOADING]: Attempting to inject @EventBusSubscriber classes into the eventbus for orecrop
[049月2025 22:03:48.713] [modloading-worker-0/DEBUG] [net.minecraftforge.fml.javafmlmod.AutomaticEventSubscriber/LOADING]: Auto-subscribing com.yuo.orecrop.Event.DataGenEvent to MOD
[049月2025 22:03:48.713] [modloading-worker-0/DEBUG] [net.minecraftforge.fml.config.ConfigTracker/CONFIG]: Config file curios-client.toml for curios tracking
[049月2025 22:03:48.713] [modloading-worker-0/DEBUG] [net.minecraftforge.fml.javafmlmod.AutomaticEventSubscriber/LOADING]: Auto-subscribing com.yuo.orecrop.Event.EventHandler to FORGE
[049月2025 22:03:48.713] [modloading-worker-0/DEBUG] [botania/]: Instantiating vazkii.botania.common.impl.BotaniaAPIImpl for service vazkii.botania.api.BotaniaAPI
[049月2025 22:03:48.728] [modloading-worker-0/DEBUG] [net.minecraftforge.fml.config.ConfigTracker/CONFIG]: Config file curios-common.toml for curios tracking
[049月2025 22:03:48.728] [modloading-worker-0/DEBUG] [net.minecraftforge.fml.config.ConfigTracker/CONFIG]: Config file curios-server.toml for curios tracking
[049月2025 22:03:48.728] [modloading-worker-0/DEBUG] [net.minecraftforge.fml.javafmlmod.AutomaticEventSubscriber/LOADING]: Attempting to inject @EventBusSubscriber classes into the eventbus for curios
[049月2025 22:03:48.731] [modloading-worker-0/DEBUG] [net.minecraftforge.fml.javafmlmod.AutomaticEventSubscriber/LOADING]: Auto-subscribing top.theillusivec4.curios.Curios$ClientProxy to MOD
[049月2025 22:03:48.733] [modloading-worker-0/DEBUG] [botania/]: Instantiating vazkii.botania.forge.xplat.ForgeXplatImpl for service vazkii.botania.xplat.XplatAbstractions
[049月2025 22:03:48.734] [modloading-worker-0/DEBUG] [mixin/]: Mixing client.LivingEntityRendererMixin from citadel.mixins.json into net.minecraft.client.renderer.entity.LivingEntityRenderer
[049月2025 22:03:48.740] [modloading-worker-0/DEBUG] [net.minecraftforge.fml.config.ConfigTracker/CONFIG]: Config file botania-client.toml for botania tracking
[049月2025 22:03:48.745] [modloading-worker-0/DEBUG] [mixin/]: Mixing client.MixinInventoryScreen from patchouli_xplat.mixins.json into net.minecraft.client.gui.screens.inventory.InventoryScreen
[049月2025 22:03:48.754] [modloading-worker-0/DEBUG] [mixin/]: Mixing client.AbstractContainerScreenAccessor from botania_xplat.mixins.json into net.minecraft.client.gui.screens.inventory.AbstractContainerScreen
[049月2025 22:03:48.759] [modloading-worker-0/DEBUG] [mixin/]: Mixing client.LevelRendererMixin from botania_xplat.mixins.json into net.minecraft.client.renderer.LevelRenderer
[049月2025 22:03:48.774] [modloading-worker-0/DEBUG] [mixin/]: Mixing client.LevelRendererAccessor from botania_xplat.mixins.json into net.minecraft.client.renderer.LevelRenderer
[049月2025 22:03:48.774] [modloading-worker-0/DEBUG] [mixin/]: Renaming @Invoker method renderShape(Lcom/mojang/blaze3d/vertex/PoseStack;Lcom/mojang/blaze3d/vertex/VertexConsumer;Lnet/minecraft/world/phys/shapes/VoxelShape;DDDFFFF)V to renderShape_$md$873b50$0 in botania_xplat.mixins.json:client.LevelRendererAccessor
[049月2025 22:03:48.777] [modloading-worker-0/DEBUG] [mixin/]: Mixing client.MixinLevelRenderer from patchouli_xplat.mixins.json into net.minecraft.client.renderer.LevelRenderer
[049月2025 22:03:48.778] [modloading-worker-0/DEBUG] [mixin/]: Mixing client.LevelRendererMixin from citadel.mixins.json into net.minecraft.client.renderer.LevelRenderer
[049月2025 22:03:48.833] [modloading-worker-0/DEBUG] [net.minecraftforge.fml.config.ConfigTracker/CONFIG]: Config file forge-client.toml for forge tracking
[049月2025 22:03:48.833] [modloading-worker-0/DEBUG] [net.minecraftforge.fml.config.ConfigTracker/CONFIG]: Config file forge-server.toml for forge tracking
[049月2025 22:03:48.833] [modloading-worker-0/DEBUG] [net.minecraftforge.fml.ModLoadingContext/]: Attempted to register an empty config for type COMMON on mod forge
[049月2025 22:03:48.853] [modloading-worker-0/DEBUG] [mezz.jei.common.platform.Services/]: Loaded mezz.jei.forge.platform.PlatformHelper@67deb063 for service interface mezz.jei.common.platform.IPlatformHelper
[049月2025 22:03:48.866] [modloading-worker-0/DEBUG] [net.minecraftforge.fml.javafmlmod.AutomaticEventSubscriber/LOADING]: Attempting to inject @EventBusSubscriber classes into the eventbus for jade
[049月2025 22:03:48.866] [modloading-worker-0/DEBUG] [mixin/]: Mixing FontMixin from jade.mixins.json into net.minecraft.client.gui.Font
[049月2025 22:03:48.877] [modloading-worker-0/DEBUG] [mixin/]: jade.mixins.json:FontMixin: Class version 61 required is higher than the class version supported by the current version of Mixin (JAVA_16 supports class version 60)
[049月2025 22:03:48.897] [modloading-worker-0/DEBUG] [net.minecraftforge.fml.config.ConfigTracker/CONFIG]: Config file citadel-common.toml for citadel tracking
[049月2025 22:03:48.897] [modloading-worker-0/DEBUG] [net.minecraftforge.fml.javafmlmod.AutomaticEventSubscriber/LOADING]: Attempting to inject @EventBusSubscriber classes into the eventbus for forge
[049月2025 22:03:48.897] [modloading-worker-0/DEBUG] [net.minecraftforge.fml.javafmlmod.AutomaticEventSubscriber/LOADING]: Auto-subscribing net.minecraftforge.common.ForgeSpawnEggItem$CommonHandler to MOD
[049月2025 22:03:48.897] [modloading-worker-0/DEBUG] [net.minecraftforge.fml.javafmlmod.AutomaticEventSubscriber/LOADING]: Auto-subscribing net.minecraftforge.common.ForgeSpawnEggItem$ColorRegisterHandler to MOD
[049月2025 22:03:48.912] [modloading-worker-0/DEBUG] [net.minecraftforge.fml.javafmlmod.AutomaticEventSubscriber/LOADING]: Attempting to inject @EventBusSubscriber classes into the eventbus for citadel
[049月2025 22:03:48.912] [modloading-worker-0/DEBUG] [net.minecraftforge.fml.javafmlmod.AutomaticEventSubscriber/LOADING]: Auto-subscribing com.github.alexthe666.citadel.ServerProxy to MOD
[049月2025 22:03:48.912] [modloading-worker-0/DEBUG] [net.minecraftforge.fml.javafmlmod.AutomaticEventSubscriber/LOADING]: Auto-subscribing com.github.alexthe666.citadel.ClientProxy to MOD
[049月2025 22:03:48.912] [modloading-worker-0/DEBUG] [net.minecraftforge.fml.javafmlmod.AutomaticEventSubscriber/LOADING]: Attempting to inject @EventBusSubscriber classes into the eventbus for codechickenlib
[049月2025 22:03:48.912] [modloading-worker-0/DEBUG] [net.minecraftforge.fml.javafmlmod.AutomaticEventSubscriber/LOADING]: Auto-subscribing codechicken.lib.internal.HighlightHandler to FORGE
[049月2025 22:03:48.912] [modloading-worker-0/DEBUG] [mixin/]: Mixing client.RenderTypeAccessor from botania_xplat.mixins.json into net.minecraft.client.renderer.RenderType
[049月2025 22:03:48.919] [modloading-worker-0/DEBUG] [mixin/]: Renaming @Invoker method create(Ljava/lang/String;Lcom/mojang/blaze3d/vertex/VertexFormat;Lcom/mojang/blaze3d/vertex/VertexFormat$Mode;IZZLnet/minecraft/client/renderer/RenderType$CompositeState;)Lnet/minecraft/client/renderer/RenderType$CompositeRenderType; to create_$md$873b50$0 in botania_xplat.mixins.json:client.RenderTypeAccessor
[049月2025 22:03:48.947] [modloading-worker-0/DEBUG] [net.minecraftforge.fml.javafmlmod.AutomaticEventSubscriber/LOADING]: Auto-subscribing net.minecraftforge.client.model.data.ModelDataManager to FORGE
[049月2025 22:03:48.951] [modloading-worker-0/DEBUG] [net.minecraftforge.fml.javafmlmod.AutomaticEventSubscriber/LOADING]: Auto-subscribing net.minecraftforge.client.ForgeHooksClient$ClientEvents to MOD
[049月2025 22:03:48.955] [modloading-worker-0/DEBUG] [mixin/]: Mixing ShaderInstanceMixin from mixins.codechickenlib.json into net.minecraft.client.renderer.ShaderInstance
[049月2025 22:03:48.987] [modloading-worker-0/DEBUG] [net.minecraftforge.fml.javafmlmod.AutomaticEventSubscriber/LOADING]: Auto-subscribing net.minecraftforge.client.ClientForgeMod to MOD
[049月2025 22:03:48.987] [modloading-worker-0/DEBUG] [mixin/]: Mixing BotaniaGrassBlockForgeMixin from botania_forge.mixins.json into vazkii.botania.common.block.BotaniaGrassBlock
[049月2025 22:03:49.056] [modloading-worker-0/DEBUG] [mezz.jei.common.config.file.ConfigSerializer/]: Loading config file: D:\McMod20\OreCrop-20\run-data\config\jei\jei-debug.ini
[049月2025 22:03:49.072] [modloading-worker-0/DEBUG] [mezz.jei.common.config.file.ConfigSerializer/]: Saving config file: D:\McMod20\OreCrop-20\run-data\config\jei\jei-debug.ini
[049月2025 22:03:49.084] [modloading-worker-0/DEBUG] [mixin/]: Mixing client.ItemManasteelArmorForgeMixin from botania_forge.mixins.json into vazkii.botania.common.item.equipment.armor.manasteel.ManasteelArmorItem
[049月2025 22:03:49.131] [modloading-worker-0/DEBUG] [net.minecraftforge.fml.javafmlmod.AutomaticEventSubscriber/LOADING]: Attempting to inject @EventBusSubscriber classes into the eventbus for brandonscore
[049月2025 22:03:49.131] [modloading-worker-0/DEBUG] [net.minecraftforge.fml.javafmlmod.AutomaticEventSubscriber/LOADING]: Auto-subscribing com.brandon3055.brandonscore.datagen.DataGenEventHandler to MOD
[049月2025 22:03:49.131] [modloading-worker-0/DEBUG] [net.minecraftforge.fml.javafmlmod.AutomaticEventSubscriber/LOADING]: Auto-subscribing com.brandon3055.brandonscore.BCContent to MOD
[049月2025 22:03:49.131] [modloading-worker-0/DEBUG] [mezz.jei.common.config.file.ConfigSerializer/]: Loading config file: D:\McMod20\OreCrop-20\run-data\config\jei\jei-mod-id-format.ini
[049月2025 22:03:49.135] [modloading-worker-0/DEBUG] [mezz.jei.common.config.file.ConfigSerializer/]: Saving config file: D:\McMod20\OreCrop-20\run-data\config\jei\jei-mod-id-format.ini
[049月2025 22:03:49.145] [modloading-worker-0/DEBUG] [mezz.jei.common.config.file.ConfigSerializer/]: Loading config file: D:\McMod20\OreCrop-20\run-data\config\jei\jei-colors.ini
[049月2025 22:03:49.145] [modloading-worker-0/DEBUG] [mezz.jei.common.config.file.ConfigSerializer/]: Saving config file: D:\McMod20\OreCrop-20\run-data\config\jei\jei-colors.ini
[049月2025 22:03:49.153] [modloading-worker-0/DEBUG] [net.minecraftforge.fml.javafmlmod.AutomaticEventSubscriber/LOADING]: Attempting to inject @EventBusSubscriber classes into the eventbus for endless
[049月2025 22:03:49.153] [modloading-worker-0/DEBUG] [net.minecraftforge.fml.javafmlmod.AutomaticEventSubscriber/LOADING]: Auto-subscribing com.yuo.endless.Event.SoundEvent to FORGE
[049月2025 22:03:49.168] [modloading-worker-0/DEBUG] [mezz.jei.common.config.file.ConfigSerializer/]: Loading config file: D:\McMod20\OreCrop-20\run-data\config\jei\jei-client.ini
[049月2025 22:03:49.170] [modloading-worker-0/DEBUG] [mezz.jei.common.config.file.ConfigSerializer/]: Saving config file: D:\McMod20\OreCrop-20\run-data\config\jei\jei-client.ini
[049月2025 22:03:49.172] [modloading-worker-0/DEBUG] [mixin/]: Mixing client.SoundEngineMixin from botania_xplat.mixins.json into net.minecraft.client.sounds.SoundEngine
[049月2025 22:03:49.179] [modloading-worker-0/DEBUG] [mixin/]: Mixing client.SoundEngineMixin from citadel.mixins.json into net.minecraft.client.sounds.SoundEngine
[049月2025 22:03:49.196] [modloading-worker-0/INFO] [mezz.jei.library.load.PluginCaller/]: Sending ConfigManager...
[049月2025 22:03:49.198] [modloading-worker-0/DEBUG] [net.minecraftforge.fml.javafmlmod.AutomaticEventSubscriber/LOADING]: Auto-subscribing com.yuo.endless.Event.EventHandler to FORGE
[049月2025 22:03:49.209] [modloading-worker-0/DEBUG] [mezz.jei.library.load.PluginCallerTimerRunnable/]: Sending ConfigManager: jei:minecraft...
[049月2025 22:03:49.210] [modloading-worker-0/DEBUG] [mezz.jei.library.load.PluginCallerTimerRunnable/]: Sending ConfigManager: jade:main...
[049月2025 22:03:49.210] [modloading-worker-0/DEBUG] [mezz.jei.library.load.PluginCallerTimerRunnable/]: Sending ConfigManager: endless:jei_plugin...
[049月2025 22:03:49.210] [modloading-worker-0/DEBUG] [mezz.jei.library.load.PluginCallerTimerRunnable/]: Sending ConfigManager: jei:debug...
[049月2025 22:03:49.210] [modloading-worker-0/DEBUG] [mezz.jei.library.load.PluginCallerTimerRunnable/]: Sending ConfigManager: jei:gui...
[049月2025 22:03:49.210] [modloading-worker-0/DEBUG] [mezz.jei.library.load.PluginCallerTimerRunnable/]: Sending ConfigManager: jei:forge_gui...
[049月2025 22:03:49.210] [modloading-worker-0/DEBUG] [mezz.jei.library.load.PluginCallerTimerRunnable/]: Sending ConfigManager: botania:main...
[049月2025 22:03:49.210] [modloading-worker-0/DEBUG] [mezz.jei.library.load.PluginCallerTimerRunnable/]: Sending ConfigManager: codechickenlib:jei_plugin...
[049月2025 22:03:49.210] [modloading-worker-0/DEBUG] [mezz.jei.library.load.PluginCallerTimerRunnable/]: Sending ConfigManager: curios:curios...
[049月2025 22:03:49.210] [modloading-worker-0/DEBUG] [mezz.jei.library.load.PluginCallerTimerRunnable/]: Sending ConfigManager: patchouli:patchouli...
[049月2025 22:03:49.210] [modloading-worker-0/DEBUG] [mezz.jei.library.load.PluginCallerTimerRunnable/]: Sending ConfigManager: brandonscore:jei_plugin...
[049月2025 22:03:49.210] [modloading-worker-0/DEBUG] [mezz.jei.library.load.PluginCallerTimerRunnable/]: Sending ConfigManager: draconicevolution:jei_plugin...
[049月2025 22:03:49.210] [modloading-worker-0/DEBUG] [mezz.jei.library.load.PluginCallerTimerRunnable/]: Sending ConfigManager: iceandfire:iceandfire...
[049月2025 22:03:49.210] [modloading-worker-0/DEBUG] [mezz.jei.library.load.PluginCallerTimerRunnable/]: Sending ConfigManager: jei:internal...
[049月2025 22:03:49.210] [modloading-worker-0/INFO] [mezz.jei.library.load.PluginCaller/]: Sending ConfigManager took 8.715 ms
[049月2025 22:03:49.213] [modloading-worker-0/DEBUG] [mixin/]: Mixing RecipeManagerAccessor from botania_xplat.mixins.json into net.minecraft.world.item.crafting.RecipeManager
[049月2025 22:03:49.223] [modloading-worker-0/DEBUG] [net.minecraftforge.fml.javafmlmod.AutomaticEventSubscriber/LOADING]: Attempting to inject @EventBusSubscriber classes into the eventbus for jei
[049月2025 22:03:49.238] [modloading-worker-0/DEBUG] [net.minecraftforge.fml.javafmlmod.AutomaticEventSubscriber/LOADING]: Auto-subscribing com.yuo.endless.Event.EndlessMobEvent to MOD
[049月2025 22:03:49.238] [modloading-worker-0/DEBUG] [net.minecraftforge.fml.javafmlmod.AutomaticEventSubscriber/LOADING]: Auto-subscribing com.yuo.endless.Event.ClientEventHandler to MOD
[049月2025 22:03:49.251] [modloading-worker-0/DEBUG] [net.minecraftforge.fml.javafmlmod.AutomaticEventSubscriber/LOADING]: Auto-subscribing com.yuo.endless.Client.AvaritiaShaders to FORGE
[049月2025 22:03:49.257] [modloading-worker-0/DEBUG] [mixin/]: Mixing ItemRendererMixin from endless.mixins.json into net.minecraft.client.renderer.entity.ItemRenderer
[049月2025 22:03:49.269] [modloading-worker-0/DEBUG] [mixin/]: Mixing client.ItemRendererAccessor from botania_xplat.mixins.json into net.minecraft.client.renderer.entity.ItemRenderer
[049月2025 22:03:49.271] [modloading-worker-0/DEBUG] [mixin/]: Mixing ItemRendererMixin from mixins.codechickenlib.json into net.minecraft.client.renderer.entity.ItemRenderer
[049月2025 22:03:49.300] [modloading-worker-0/DEBUG] [mixin/]: Mixing CriteriaTriggersAccessor from botania_xplat.mixins.json into net.minecraft.advancements.CriteriaTriggers
[049月2025 22:03:49.305] [modloading-worker-0/DEBUG] [net.minecraftforge.fml.javafmlmod.AutomaticEventSubscriber/LOADING]: Auto-subscribing codechicken.lib.internal.ExceptionMessageEventHandler to FORGE
[049月2025 22:03:49.306] [modloading-worker-0/DEBUG] [net.minecraftforge.fml.javafmlmod.AutomaticEventSubscriber/LOADING]: Auto-subscribing codechicken.lib.internal.DataGenerators to MOD
[049月2025 22:03:49.379] [modloading-worker-0/DEBUG] [net.minecraftforge.fml.javafmlmod.AutomaticEventSubscriber/LOADING]: Attempting to inject @EventBusSubscriber classes into the eventbus for botania
[049月2025 22:03:49.379] [modloading-worker-0/DEBUG] [net.minecraftforge.fml.javafmlmod.AutomaticEventSubscriber/LOADING]: Auto-subscribing vazkii.botania.forge.ForgeBotaniaConfig to MOD
[049月2025 22:03:49.379] [modloading-worker-0/DEBUG] [net.minecraftforge.fml.javafmlmod.AutomaticEventSubscriber/LOADING]: Auto-subscribing vazkii.botania.forge.client.ForgeClientInitializer to MOD
[049月2025 22:03:49.403] [modloading-worker-0/DEBUG] [net.minecraftforge.fml.javafmlmod.AutomaticEventSubscriber/LOADING]: Auto-subscribing vazkii.botania.forge.internal_caps.ForgeInternalEntityCapabilities$ModBusEvents to MOD
[049月2025 22:03:49.403] [modloading-worker-0/DEBUG] [net.minecraftforge.fml.javafmlmod.AutomaticEventSubscriber/LOADING]: Auto-subscribing vazkii.botania.forge.internal_caps.ForgeInternalEntityCapabilities$ForgeBusEvents to FORGE
[049月2025 22:03:49.403] [modloading-worker-0/DEBUG] [net.minecraftforge.fml.javafmlmod.AutomaticEventSubscriber/LOADING]: Auto-subscribing vazkii.botania.forge.data.ForgeDatagenInitializer to MOD
[049月2025 22:03:49.403] [modloading-worker-0/DEBUG] [net.minecraftforge.fml.javafmlmod.AutomaticEventSubscriber/LOADING]: Auto-subscribing vazkii.botania.forge.ForgeRegistryHandler to MOD
[049月2025 22:03:49.557] [modloading-worker-0/DEBUG] [mixin/]: Mixing ElytraLayerMixin from mixins.brandonscore.json into net.minecraft.client.renderer.entity.layers.ElytraLayer
[049月2025 22:03:49.637] [modloading-worker-0/DEBUG] [net.minecraftforge.fml.javafmlmod.AutomaticEventSubscriber/LOADING]: Attempting to inject @EventBusSubscriber classes into the eventbus for draconicevolution
[049月2025 22:03:49.637] [modloading-worker-0/DEBUG] [net.minecraftforge.fml.javafmlmod.AutomaticEventSubscriber/LOADING]: Auto-subscribing com.brandon3055.draconicevolution.datagen.DataGenEventHandler to MOD
[049月2025 22:03:49.637] [modloading-worker-0/DEBUG] [net.minecraftforge.fml.javafmlmod.AutomaticEventSubscriber/LOADING]: Auto-subscribing com.brandon3055.draconicevolution.client.DEParticles to MOD
[049月2025 22:03:49.722] [modloading-worker-0/DEBUG] [net.minecraftforge.fml.javafmlmod.AutomaticEventSubscriber/LOADING]: Attempting to inject @EventBusSubscriber classes into the eventbus for iceandfire
[049月2025 22:03:49.722] [modloading-worker-0/DEBUG] [net.minecraftforge.fml.javafmlmod.AutomaticEventSubscriber/LOADING]: Auto-subscribing com.github.alexthe666.iceandfire.recipe.IafRecipeRegistry to MOD
[049月2025 22:03:49.722] [modloading-worker-0/DEBUG] [net.minecraftforge.fml.javafmlmod.AutomaticEventSubscriber/LOADING]: Auto-subscribing com.github.alexthe666.iceandfire.misc.IafSoundRegistry to MOD
[049月2025 22:03:49.722] [modloading-worker-0/DEBUG] [net.minecraftforge.fml.javafmlmod.AutomaticEventSubscriber/LOADING]: Auto-subscribing com.github.alexthe666.iceandfire.misc.IafDamageRegistry to MOD
[049月2025 22:03:49.724] [modloading-worker-0/DEBUG] [net.minecraftforge.fml.javafmlmod.AutomaticEventSubscriber/LOADING]: Auto-subscribing com.github.alexthe666.iceandfire.item.IafItemRegistry to MOD
[049月2025 22:03:49.724] [modloading-worker-0/DEBUG] [net.minecraftforge.fml.javafmlmod.AutomaticEventSubscriber/LOADING]: Auto-subscribing com.github.alexthe666.iceandfire.event.ServerEvents to FORGE
[049月2025 22:03:49.730] [modloading-worker-0/DEBUG] [net.minecraftforge.fml.javafmlmod.AutomaticEventSubscriber/LOADING]: Auto-subscribing com.github.alexthe666.iceandfire.event.ClientEvents to FORGE
[049月2025 22:03:49.730] [modloading-worker-0/DEBUG] [net.minecraftforge.fml.javafmlmod.AutomaticEventSubscriber/LOADING]: Auto-subscribing com.github.alexthe666.iceandfire.entity.props.CapabilityHandler to FORGE
[049月2025 22:03:49.730] [modloading-worker-0/DEBUG] [net.minecraftforge.fml.javafmlmod.AutomaticEventSubscriber/LOADING]: Auto-subscribing com.github.alexthe666.iceandfire.entity.IafVillagerRegistry to MOD
[049月2025 22:03:49.730] [modloading-worker-0/DEBUG] [net.minecraftforge.fml.javafmlmod.AutomaticEventSubscriber/LOADING]: Auto-subscribing com.github.alexthe666.iceandfire.entity.IafEntityRegistry to MOD
[049月2025 22:03:49.730] [modloading-worker-0/DEBUG] [net.minecraftforge.fml.javafmlmod.AutomaticEventSubscriber/LOADING]: Auto-subscribing com.github.alexthe666.iceandfire.datagen.DataGenerators to MOD
[049月2025 22:03:49.744] [modloading-worker-0/DEBUG] [net.minecraftforge.fml.javafmlmod.AutomaticEventSubscriber/LOADING]: Auto-subscribing com.github.alexthe666.iceandfire.client.IafClientSetup to MOD
[049月2025 22:03:49.747] [modloading-worker-0/DEBUG] [net.minecraftforge.fml.javafmlmod.AutomaticEventSubscriber/LOADING]: Auto-subscribing com.github.alexthe666.iceandfire.client.ClientProxy to FORGE
[049月2025 22:03:49.747] [modloading-worker-0/DEBUG] [net.minecraftforge.fml.javafmlmod.AutomaticEventSubscriber/LOADING]: Auto-subscribing com.github.alexthe666.iceandfire.block.IafBlockRegistry to MOD
[049月2025 22:03:49.747] [modloading-worker-0/DEBUG] [net.minecraftforge.fml.javafmlmod.AutomaticEventSubscriber/LOADING]: Auto-subscribing com.github.alexthe666.iceandfire.IceAndFire to FORGE
[049月2025 22:03:49.747] [modloading-worker-0/DEBUG] [net.minecraftforge.fml.javafmlmod.AutomaticEventSubscriber/LOADING]: Auto-subscribing com.github.alexthe666.iceandfire.CommonProxy to MOD
[049月2025 22:03:49.769] [main/DEBUG] [net.minecraftforge.registries.ObjectHolderRegistry/REGISTRIES]: Processing ObjectHolder annotations
[049月2025 22:03:49.785] [main/DEBUG] [net.minecraftforge.registries.ObjectHolderRegistry/REGISTRIES]: Found 5298 ObjectHolder annotations
[049月2025 22:03:49.785] [main/DEBUG] [net.minecraftforge.common.capabilities.CapabilityManager/CAPABILITIES]: Attempting to automatically register: Lnet/minecraftforge/energy/IEnergyStorage;
[049月2025 22:03:49.785] [main/DEBUG] [net.minecraftforge.common.capabilities.CapabilityManager/CAPABILITIES]: Attempting to automatically register: Lnet/minecraftforge/fluids/capability/IFluidHandler;
[049月2025 22:03:49.785] [main/DEBUG] [net.minecraftforge.common.capabilities.CapabilityManager/CAPABILITIES]: Attempting to automatically register: Lnet/minecraftforge/fluids/capability/IFluidHandlerItem;
[049月2025 22:03:49.785] [main/DEBUG] [net.minecraftforge.common.capabilities.CapabilityManager/CAPABILITIES]: Attempting to automatically register: Lnet/minecraftforge/items/IItemHandler;
[049月2025 22:03:49.785] [main/DEBUG] [net.minecraftforge.registries.GameData/REGISTRIES]: Unfreezing vanilla registries
[049月2025 22:03:49.801] [main/DEBUG] [net.minecraftforge.registries.GameData/REGISTRIES]: Applying holder lookups: minecraft:sound_event
[049月2025 22:03:49.801] [main/DEBUG] [net.minecraftforge.registries.GameData/REGISTRIES]: Holder lookups applied: minecraft:sound_event
[049月2025 22:03:49.801] [main/DEBUG] [net.minecraftforge.registries.GameData/REGISTRIES]: Applying holder lookups: minecraft:fluid
[049月2025 22:03:49.801] [main/DEBUG] [net.minecraftforge.registries.GameData/REGISTRIES]: Holder lookups applied: minecraft:fluid
[049月2025 22:03:50.220] [main/DEBUG] [net.minecraftforge.registries.GameData/REGISTRIES]: Applying holder lookups: minecraft:block
[049月2025 22:03:50.229] [main/DEBUG] [net.minecraftforge.registries.GameData/REGISTRIES]: Holder lookups applied: minecraft:block
[049月2025 22:03:50.229] [main/DEBUG] [net.minecraftforge.registries.GameData/REGISTRIES]: Applying holder lookups: minecraft:attribute
[049月2025 22:03:50.229] [main/DEBUG] [net.minecraftforge.registries.GameData/REGISTRIES]: Holder lookups applied: minecraft:attribute
[049月2025 22:03:50.229] [main/DEBUG] [net.minecraftforge.registries.GameData/REGISTRIES]: Applying holder lookups: minecraft:mob_effect
[049月2025 22:03:50.229] [main/DEBUG] [net.minecraftforge.registries.GameData/REGISTRIES]: Holder lookups applied: minecraft:mob_effect
[049月2025 22:03:50.244] [main/DEBUG] [net.minecraftforge.registries.GameData/REGISTRIES]: Applying holder lookups: minecraft:particle_type
[049月2025 22:03:50.244] [main/DEBUG] [net.minecraftforge.registries.GameData/REGISTRIES]: Holder lookups applied: minecraft:particle_type
[049月2025 22:03:50.348] [main/DEBUG] [mixin/]: Mixing client.ItemBlockWithSpecialRendererForgeMixin from botania_forge.mixins.json into vazkii.botania.common.item.block.BlockItemWithSpecialRenderer
[049月2025 22:03:50.362] [main/DEBUG] [mixin/]: Mixing client.HumanoidModelMixin from citadel.mixins.json into net.minecraft.client.model.HumanoidModel
[049月2025 22:03:50.386] [main/DEBUG] [net.minecraftforge.registries.GameData/REGISTRIES]: Applying holder lookups: minecraft:item
[049月2025 22:03:50.386] [main/DEBUG] [net.minecraftforge.registries.GameData/REGISTRIES]: Holder lookups applied: minecraft:item
[049月2025 22:03:50.402] [main/DEBUG] [net.minecraftforge.registries.GameData/REGISTRIES]: Applying holder lookups: minecraft:entity_type
[049月2025 22:03:50.402] [main/DEBUG] [net.minecraftforge.registries.GameData/REGISTRIES]: Holder lookups applied: minecraft:entity_type
[049月2025 22:03:50.402] [main/DEBUG] [net.minecraftforge.registries.GameData/REGISTRIES]: Applying holder lookups: minecraft:sensor_type
[049月2025 22:03:50.402] [main/DEBUG] [net.minecraftforge.registries.GameData/REGISTRIES]: Holder lookups applied: minecraft:sensor_type
[049月2025 22:03:50.402] [main/DEBUG] [net.minecraftforge.registries.GameData/REGISTRIES]: Applying holder lookups: minecraft:memory_module_type
[049月2025 22:03:50.402] [main/DEBUG] [net.minecraftforge.registries.GameData/REGISTRIES]: Holder lookups applied: minecraft:memory_module_type
[049月2025 22:03:50.402] [main/DEBUG] [net.minecraftforge.registries.GameData/REGISTRIES]: Applying holder lookups: minecraft:potion
[049月2025 22:03:50.402] [main/DEBUG] [net.minecraftforge.registries.GameData/REGISTRIES]: Holder lookups applied: minecraft:potion
[049月2025 22:03:50.402] [main/DEBUG] [net.minecraftforge.registries.GameData/REGISTRIES]: Applying holder lookups: minecraft:game_event
[049月2025 22:03:50.402] [main/DEBUG] [net.minecraftforge.registries.GameData/REGISTRIES]: Holder lookups applied: minecraft:game_event
[049月2025 22:03:50.402] [main/DEBUG] [net.minecraftforge.registries.GameData/REGISTRIES]: Applying holder lookups: minecraft:enchantment
[049月2025 22:03:50.402] [main/DEBUG] [net.minecraftforge.registries.GameData/REGISTRIES]: Holder lookups applied: minecraft:enchantment
[049月2025 22:03:50.465] [main/DEBUG] [net.minecraftforge.registries.GameData/REGISTRIES]: Applying holder lookups: minecraft:block_entity_type
[049月2025 22:03:50.465] [main/DEBUG] [net.minecraftforge.registries.GameData/REGISTRIES]: Holder lookups applied: minecraft:block_entity_type
[049月2025 22:03:50.465] [main/DEBUG] [net.minecraftforge.registries.GameData/REGISTRIES]: Applying holder lookups: minecraft:painting_variant
[049月2025 22:03:50.465] [main/DEBUG] [net.minecraftforge.registries.GameData/REGISTRIES]: Holder lookups applied: minecraft:painting_variant
[049月2025 22:03:50.465] [main/DEBUG] [net.minecraftforge.registries.GameData/REGISTRIES]: Applying holder lookups: minecraft:stat_type
[049月2025 22:03:50.465] [main/DEBUG] [net.minecraftforge.registries.GameData/REGISTRIES]: Holder lookups applied: minecraft:stat_type
[049月2025 22:03:50.465] [main/DEBUG] [net.minecraftforge.registries.GameData/REGISTRIES]: Applying holder lookups: minecraft:custom_stat
[049月2025 22:03:50.465] [main/DEBUG] [net.minecraftforge.registries.GameData/REGISTRIES]: Holder lookups applied: minecraft:custom_stat
[049月2025 22:03:50.465] [main/DEBUG] [net.minecraftforge.registries.GameData/REGISTRIES]: Applying holder lookups: minecraft:chunk_status
[049月2025 22:03:50.465] [main/DEBUG] [net.minecraftforge.registries.GameData/REGISTRIES]: Holder lookups applied: minecraft:chunk_status
[049月2025 22:03:50.465] [main/DEBUG] [net.minecraftforge.registries.GameData/REGISTRIES]: Applying holder lookups: minecraft:rule_test
[049月2025 22:03:50.465] [main/DEBUG] [net.minecraftforge.registries.GameData/REGISTRIES]: Holder lookups applied: minecraft:rule_test
[049月2025 22:03:50.465] [main/DEBUG] [net.minecraftforge.registries.GameData/REGISTRIES]: Applying holder lookups: minecraft:rule_block_entity_modifier
[049月2025 22:03:50.465] [main/DEBUG] [net.minecraftforge.registries.GameData/REGISTRIES]: Holder lookups applied: minecraft:rule_block_entity_modifier
[049月2025 22:03:50.465] [main/DEBUG] [net.minecraftforge.registries.GameData/REGISTRIES]: Applying holder lookups: minecraft:pos_rule_test
[049月2025 22:03:50.465] [main/DEBUG] [net.minecraftforge.registries.GameData/REGISTRIES]: Holder lookups applied: minecraft:pos_rule_test
[049月2025 22:03:50.481] [main/DEBUG] [net.minecraftforge.registries.GameData/REGISTRIES]: Applying holder lookups: minecraft:menu
[049月2025 22:03:50.481] [main/DEBUG] [net.minecraftforge.registries.GameData/REGISTRIES]: Holder lookups applied: minecraft:menu
[049月2025 22:03:50.482] [main/DEBUG] [net.minecraftforge.registries.GameData/REGISTRIES]: Applying holder lookups: minecraft:recipe_type
[049月2025 22:03:50.482] [main/DEBUG] [net.minecraftforge.registries.GameData/REGISTRIES]: Holder lookups applied: minecraft:recipe_type
[049月2025 22:03:50.496] [main/DEBUG] [net.minecraftforge.registries.GameData/REGISTRIES]: Applying holder lookups: minecraft:recipe_serializer
[049月2025 22:03:50.496] [main/DEBUG] [net.minecraftforge.registries.GameData/REGISTRIES]: Holder lookups applied: minecraft:recipe_serializer
[049月2025 22:03:50.496] [main/DEBUG] [net.minecraftforge.registries.GameData/REGISTRIES]: Applying holder lookups: minecraft:position_source_type
[049月2025 22:03:50.496] [main/DEBUG] [net.minecraftforge.registries.GameData/REGISTRIES]: Holder lookups applied: minecraft:position_source_type
[049月2025 22:03:50.496] [main/DEBUG] [net.minecraftforge.registries.GameData/REGISTRIES]: Applying holder lookups: minecraft:command_argument_type
[049月2025 22:03:50.496] [main/DEBUG] [net.minecraftforge.registries.GameData/REGISTRIES]: Holder lookups applied: minecraft:command_argument_type
[049月2025 22:03:50.496] [main/DEBUG] [net.minecraftforge.registries.GameData/REGISTRIES]: Applying holder lookups: minecraft:villager_type
[049月2025 22:03:50.496] [main/DEBUG] [net.minecraftforge.registries.GameData/REGISTRIES]: Holder lookups applied: minecraft:villager_type
[049月2025 22:03:50.496] [main/DEBUG] [net.minecraftforge.registries.GameData/REGISTRIES]: Applying holder lookups: minecraft:villager_profession
[049月2025 22:03:50.496] [main/DEBUG] [net.minecraftforge.registries.GameData/REGISTRIES]: Holder lookups applied: minecraft:villager_profession
[049月2025 22:03:50.496] [main/DEBUG] [net.minecraftforge.registries.GameData/REGISTRIES]: Applying holder lookups: minecraft:point_of_interest_type
[049月2025 22:03:50.496] [main/DEBUG] [net.minecraftforge.registries.GameData/REGISTRIES]: Holder lookups applied: minecraft:point_of_interest_type
[049月2025 22:03:50.496] [main/DEBUG] [net.minecraftforge.registries.GameData/REGISTRIES]: Applying holder lookups: minecraft:schedule
[049月2025 22:03:50.496] [main/DEBUG] [net.minecraftforge.registries.GameData/REGISTRIES]: Holder lookups applied: minecraft:schedule
[049月2025 22:03:50.496] [main/DEBUG] [net.minecraftforge.registries.GameData/REGISTRIES]: Applying holder lookups: minecraft:activity
[049月2025 22:03:50.496] [main/DEBUG] [net.minecraftforge.registries.GameData/REGISTRIES]: Holder lookups applied: minecraft:activity
[049月2025 22:03:50.496] [main/DEBUG] [net.minecraftforge.registries.GameData/REGISTRIES]: Applying holder lookups: minecraft:loot_pool_entry_type
[049月2025 22:03:50.496] [main/DEBUG] [net.minecraftforge.registries.GameData/REGISTRIES]: Holder lookups applied: minecraft:loot_pool_entry_type
[049月2025 22:03:50.496] [main/DEBUG] [net.minecraftforge.registries.GameData/REGISTRIES]: Applying holder lookups: minecraft:loot_function_type
[049月2025 22:03:50.496] [main/DEBUG] [net.minecraftforge.registries.GameData/REGISTRIES]: Holder lookups applied: minecraft:loot_function_type
[049月2025 22:03:50.496] [main/DEBUG] [net.minecraftforge.registries.GameData/REGISTRIES]: Applying holder lookups: minecraft:loot_condition_type
[049月2025 22:03:50.496] [main/DEBUG] [net.minecraftforge.registries.GameData/REGISTRIES]: Holder lookups applied: minecraft:loot_condition_type
[049月2025 22:03:50.496] [main/DEBUG] [net.minecraftforge.registries.GameData/REGISTRIES]: Applying holder lookups: minecraft:loot_number_provider_type
[049月2025 22:03:50.496] [main/DEBUG] [net.minecraftforge.registries.GameData/REGISTRIES]: Holder lookups applied: minecraft:loot_number_provider_type
[049月2025 22:03:50.496] [main/DEBUG] [net.minecraftforge.registries.GameData/REGISTRIES]: Applying holder lookups: minecraft:loot_nbt_provider_type
[049月2025 22:03:50.496] [main/DEBUG] [net.minecraftforge.registries.GameData/REGISTRIES]: Holder lookups applied: minecraft:loot_nbt_provider_type
[049月2025 22:03:50.496] [main/DEBUG] [net.minecraftforge.registries.GameData/REGISTRIES]: Applying holder lookups: minecraft:loot_score_provider_type
[049月2025 22:03:50.496] [main/DEBUG] [net.minecraftforge.registries.GameData/REGISTRIES]: Holder lookups applied: minecraft:loot_score_provider_type
[049月2025 22:03:50.496] [main/DEBUG] [net.minecraftforge.registries.GameData/REGISTRIES]: Applying holder lookups: minecraft:float_provider_type
[049月2025 22:03:50.496] [main/DEBUG] [net.minecraftforge.registries.GameData/REGISTRIES]: Holder lookups applied: minecraft:float_provider_type
[049月2025 22:03:50.496] [main/DEBUG] [net.minecraftforge.registries.GameData/REGISTRIES]: Applying holder lookups: minecraft:int_provider_type
[049月2025 22:03:50.496] [main/DEBUG] [net.minecraftforge.registries.GameData/REGISTRIES]: Holder lookups applied: minecraft:int_provider_type
[049月2025 22:03:50.496] [main/DEBUG] [net.minecraftforge.registries.GameData/REGISTRIES]: Applying holder lookups: minecraft:height_provider_type
[049月2025 22:03:50.496] [main/DEBUG] [net.minecraftforge.registries.GameData/REGISTRIES]: Holder lookups applied: minecraft:height_provider_type
[049月2025 22:03:50.496] [main/DEBUG] [net.minecraftforge.registries.GameData/REGISTRIES]: Applying holder lookups: minecraft:block_predicate_type
[049月2025 22:03:50.496] [main/DEBUG] [net.minecraftforge.registries.GameData/REGISTRIES]: Holder lookups applied: minecraft:block_predicate_type
[049月2025 22:03:50.496] [main/DEBUG] [net.minecraftforge.registries.GameData/REGISTRIES]: Applying holder lookups: minecraft:worldgen/carver
[049月2025 22:03:50.496] [main/DEBUG] [net.minecraftforge.registries.GameData/REGISTRIES]: Holder lookups applied: minecraft:worldgen/carver
[049月2025 22:03:50.512] [main/DEBUG] [net.minecraftforge.registries.GameData/REGISTRIES]: Applying holder lookups: minecraft:worldgen/feature
[049月2025 22:03:50.512] [main/DEBUG] [net.minecraftforge.registries.GameData/REGISTRIES]: Holder lookups applied: minecraft:worldgen/feature
[049月2025 22:03:50.512] [main/DEBUG] [net.minecraftforge.registries.GameData/REGISTRIES]: Applying holder lookups: minecraft:worldgen/structure_processor
[049月2025 22:03:50.512] [main/DEBUG] [net.minecraftforge.registries.GameData/REGISTRIES]: Holder lookups applied: minecraft:worldgen/structure_processor
[049月2025 22:03:50.512] [main/DEBUG] [net.minecraftforge.registries.GameData/REGISTRIES]: Applying holder lookups: minecraft:worldgen/structure_placement
[049月2025 22:03:50.512] [main/DEBUG] [net.minecraftforge.registries.GameData/REGISTRIES]: Holder lookups applied: minecraft:worldgen/structure_placement
[049月2025 22:03:50.512] [main/DEBUG] [net.minecraftforge.registries.GameData/REGISTRIES]: Applying holder lookups: minecraft:worldgen/structure_piece
[049月2025 22:03:50.512] [main/DEBUG] [net.minecraftforge.registries.GameData/REGISTRIES]: Holder lookups applied: minecraft:worldgen/structure_piece
[049月2025 22:03:50.512] [main/DEBUG] [net.minecraftforge.registries.GameData/REGISTRIES]: Applying holder lookups: minecraft:worldgen/structure_type
[049月2025 22:03:50.512] [main/DEBUG] [net.minecraftforge.registries.GameData/REGISTRIES]: Holder lookups applied: minecraft:worldgen/structure_type
[049月2025 22:03:50.512] [main/DEBUG] [net.minecraftforge.registries.GameData/REGISTRIES]: Applying holder lookups: minecraft:worldgen/placement_modifier_type
[049月2025 22:03:50.512] [main/DEBUG] [net.minecraftforge.registries.GameData/REGISTRIES]: Holder lookups applied: minecraft:worldgen/placement_modifier_type
[049月2025 22:03:50.512] [main/DEBUG] [net.minecraftforge.registries.GameData/REGISTRIES]: Applying holder lookups: minecraft:worldgen/block_state_provider_type
[049月2025 22:03:50.512] [main/DEBUG] [net.minecraftforge.registries.GameData/REGISTRIES]: Holder lookups applied: minecraft:worldgen/block_state_provider_type
[049月2025 22:03:50.512] [main/DEBUG] [net.minecraftforge.registries.GameData/REGISTRIES]: Applying holder lookups: minecraft:worldgen/foliage_placer_type
[049月2025 22:03:50.512] [main/DEBUG] [net.minecraftforge.registries.GameData/REGISTRIES]: Holder lookups applied: minecraft:worldgen/foliage_placer_type
[049月2025 22:03:50.512] [main/DEBUG] [net.minecraftforge.registries.GameData/REGISTRIES]: Applying holder lookups: minecraft:worldgen/trunk_placer_type
[049月2025 22:03:50.512] [main/DEBUG] [net.minecraftforge.registries.GameData/REGISTRIES]: Holder lookups applied: minecraft:worldgen/trunk_placer_type
[049月2025 22:03:50.512] [main/DEBUG] [net.minecraftforge.registries.GameData/REGISTRIES]: Applying holder lookups: minecraft:worldgen/root_placer_type
[049月2025 22:03:50.512] [main/DEBUG] [net.minecraftforge.registries.GameData/REGISTRIES]: Holder lookups applied: minecraft:worldgen/root_placer_type
[049月2025 22:03:50.512] [main/DEBUG] [net.minecraftforge.registries.GameData/REGISTRIES]: Applying holder lookups: minecraft:worldgen/tree_decorator_type
[049月2025 22:03:50.512] [main/DEBUG] [net.minecraftforge.registries.GameData/REGISTRIES]: Holder lookups applied: minecraft:worldgen/tree_decorator_type
[049月2025 22:03:50.512] [main/DEBUG] [net.minecraftforge.registries.GameData/REGISTRIES]: Applying holder lookups: minecraft:worldgen/feature_size_type
[049月2025 22:03:50.512] [main/DEBUG] [net.minecraftforge.registries.GameData/REGISTRIES]: Holder lookups applied: minecraft:worldgen/feature_size_type
[049月2025 22:03:50.512] [main/DEBUG] [net.minecraftforge.registries.GameData/REGISTRIES]: Applying holder lookups: minecraft:worldgen/biome_source
[049月2025 22:03:50.512] [main/DEBUG] [net.minecraftforge.registries.GameData/REGISTRIES]: Holder lookups applied: minecraft:worldgen/biome_source
[049月2025 22:03:50.512] [main/DEBUG] [net.minecraftforge.registries.GameData/REGISTRIES]: Applying holder lookups: minecraft:worldgen/chunk_generator
[049月2025 22:03:50.512] [main/DEBUG] [net.minecraftforge.registries.GameData/REGISTRIES]: Holder lookups applied: minecraft:worldgen/chunk_generator
[049月2025 22:03:50.512] [main/DEBUG] [net.minecraftforge.registries.GameData/REGISTRIES]: Applying holder lookups: minecraft:worldgen/material_condition
[049月2025 22:03:50.512] [main/DEBUG] [net.minecraftforge.registries.GameData/REGISTRIES]: Holder lookups applied: minecraft:worldgen/material_condition
[049月2025 22:03:50.512] [main/DEBUG] [net.minecraftforge.registries.GameData/REGISTRIES]: Applying holder lookups: minecraft:worldgen/material_rule
[049月2025 22:03:50.512] [main/DEBUG] [net.minecraftforge.registries.GameData/REGISTRIES]: Holder lookups applied: minecraft:worldgen/material_rule
[049月2025 22:03:50.512] [main/DEBUG] [net.minecraftforge.registries.GameData/REGISTRIES]: Applying holder lookups: minecraft:worldgen/density_function_type
[049月2025 22:03:50.512] [main/DEBUG] [net.minecraftforge.registries.GameData/REGISTRIES]: Holder lookups applied: minecraft:worldgen/density_function_type
[049月2025 22:03:50.512] [main/DEBUG] [net.minecraftforge.registries.GameData/REGISTRIES]: Applying holder lookups: minecraft:worldgen/structure_pool_element
[049月2025 22:03:50.512] [main/DEBUG] [net.minecraftforge.registries.GameData/REGISTRIES]: Holder lookups applied: minecraft:worldgen/structure_pool_element
[049月2025 22:03:50.512] [main/DEBUG] [net.minecraftforge.registries.GameData/REGISTRIES]: Applying holder lookups: minecraft:cat_variant
[049月2025 22:03:50.512] [main/DEBUG] [net.minecraftforge.registries.GameData/REGISTRIES]: Holder lookups applied: minecraft:cat_variant
[049月2025 22:03:50.512] [main/DEBUG] [net.minecraftforge.registries.GameData/REGISTRIES]: Applying holder lookups: minecraft:frog_variant
[049月2025 22:03:50.512] [main/DEBUG] [net.minecraftforge.registries.GameData/REGISTRIES]: Holder lookups applied: minecraft:frog_variant
[049月2025 22:03:50.512] [main/DEBUG] [net.minecraftforge.registries.GameData/REGISTRIES]: Applying holder lookups: minecraft:banner_pattern
[049月2025 22:03:50.512] [main/DEBUG] [net.minecraftforge.registries.GameData/REGISTRIES]: Holder lookups applied: minecraft:banner_pattern
[049月2025 22:03:50.512] [main/DEBUG] [net.minecraftforge.registries.GameData/REGISTRIES]: Applying holder lookups: minecraft:instrument
[049月2025 22:03:50.512] [main/DEBUG] [net.minecraftforge.registries.GameData/REGISTRIES]: Holder lookups applied: minecraft:instrument
[049月2025 22:03:50.512] [main/DEBUG] [net.minecraftforge.registries.GameData/REGISTRIES]: Applying holder lookups: minecraft:decorated_pot_patterns
[049月2025 22:03:50.512] [main/DEBUG] [net.minecraftforge.registries.GameData/REGISTRIES]: Holder lookups applied: minecraft:decorated_pot_patterns
[049月2025 22:03:50.522] [main/DEBUG] [net.minecraftforge.registries.GameData/REGISTRIES]: Applying holder lookups: minecraft:creative_mode_tab
[049月2025 22:03:50.522] [main/DEBUG] [net.minecraftforge.registries.GameData/REGISTRIES]: Holder lookups applied: minecraft:creative_mode_tab
[049月2025 22:03:50.530] [main/DEBUG] [net.minecraftforge.registries.GameData/REGISTRIES]: Applying holder lookups: botania:brews
[049月2025 22:03:50.530] [main/DEBUG] [net.minecraftforge.registries.GameData/REGISTRIES]: Holder lookups applied: botania:brews
[049月2025 22:03:50.530] [main/DEBUG] [net.minecraftforge.registries.GameData/REGISTRIES]: Applying holder lookups: brandonscore:hud_elements
[049月2025 22:03:50.531] [main/DEBUG] [net.minecraftforge.registries.GameData/REGISTRIES]: Holder lookups applied: brandonscore:hud_elements
[049月2025 22:03:50.531] [main/DEBUG] [net.minecraftforge.registries.GameData/REGISTRIES]: Applying holder lookups: brandonscore:world_entity
[049月2025 22:03:50.531] [main/DEBUG] [net.minecraftforge.registries.GameData/REGISTRIES]: Holder lookups applied: brandonscore:world_entity
[049月2025 22:03:50.555] [main/DEBUG] [net.minecraftforge.registries.GameData/REGISTRIES]: Applying holder lookups: draconicevolution:modules
[049月2025 22:03:50.555] [main/DEBUG] [net.minecraftforge.registries.GameData/REGISTRIES]: Holder lookups applied: draconicevolution:modules
[049月2025 22:03:50.559] [main/DEBUG] [net.minecraftforge.registries.GameData/REGISTRIES]: Applying holder lookups: forge:biome_modifier_serializers
[049月2025 22:03:50.559] [main/DEBUG] [net.minecraftforge.registries.GameData/REGISTRIES]: Holder lookups applied: forge:biome_modifier_serializers
[049月2025 22:03:50.559] [main/DEBUG] [net.minecraftforge.registries.GameData/REGISTRIES]: Applying holder lookups: forge:display_contexts
[049月2025 22:03:50.559] [main/DEBUG] [net.minecraftforge.registries.GameData/REGISTRIES]: Holder lookups applied: forge:display_contexts
[049月2025 22:03:50.559] [main/DEBUG] [net.minecraftforge.registries.GameData/REGISTRIES]: Applying holder lookups: forge:entity_data_serializers
[049月2025 22:03:50.559] [main/DEBUG] [net.minecraftforge.registries.GameData/REGISTRIES]: Holder lookups applied: forge:entity_data_serializers
[049月2025 22:03:50.559] [main/DEBUG] [net.minecraftforge.registries.GameData/REGISTRIES]: Applying holder lookups: forge:fluid_type
[049月2025 22:03:50.559] [main/DEBUG] [net.minecraftforge.registries.GameData/REGISTRIES]: Holder lookups applied: forge:fluid_type
[049月2025 22:03:50.559] [main/DEBUG] [net.minecraftforge.registries.GameData/REGISTRIES]: Applying holder lookups: forge:global_loot_modifier_serializers
[049月2025 22:03:50.559] [main/DEBUG] [net.minecraftforge.registries.GameData/REGISTRIES]: Holder lookups applied: forge:global_loot_modifier_serializers
[049月2025 22:03:50.559] [main/DEBUG] [net.minecraftforge.registries.GameData/REGISTRIES]: Applying holder lookups: forge:holder_set_type
[049月2025 22:03:50.559] [main/DEBUG] [net.minecraftforge.registries.GameData/REGISTRIES]: Holder lookups applied: forge:holder_set_type
[049月2025 22:03:50.559] [main/DEBUG] [net.minecraftforge.registries.GameData/REGISTRIES]: Applying holder lookups: forge:structure_modifier_serializers
[049月2025 22:03:50.559] [main/DEBUG] [net.minecraftforge.registries.GameData/REGISTRIES]: Holder lookups applied: forge:structure_modifier_serializers
[049月2025 22:03:50.559] [main/DEBUG] [net.minecraftforge.registries.GameData/REGISTRIES]: Applying holder lookups: minecraft:worldgen/biome
[049月2025 22:03:50.559] [main/DEBUG] [net.minecraftforge.registries.GameData/REGISTRIES]: Holder lookups applied: minecraft:worldgen/biome
[049月2025 22:03:50.596] [main/DEBUG] [mixin/]: Mixing SpawnPlacementsMixin from botania_xplat.mixins.json into net.minecraft.world.entity.SpawnPlacements
[049月2025 22:03:50.666] [main/WARN] [net.minecraft.server.packs.VanillaPackResourcesBuilder/]: Assets URL 'union:/C:/Users/26852/.gradle/caches/forge_gradle/minecraft_user_repo/net/minecraftforge/forge/1.20.1-47.4.0_mapped_official_1.20.1/forge-1.20.1-47.4.0_mapped_official_1.20.1.jar%23191!/assets/.mcassetsroot' uses unexpected schema
[049月2025 22:03:50.666] [main/WARN] [net.minecraft.server.packs.VanillaPackResourcesBuilder/]: Assets URL 'union:/C:/Users/26852/.gradle/caches/forge_gradle/minecraft_user_repo/net/minecraftforge/forge/1.20.1-47.4.0_mapped_official_1.20.1/forge-1.20.1-47.4.0_mapped_official_1.20.1.jar%23191!/data/.mcassetsroot' uses unexpected schema
[049月2025 22:03:50.734] [main/DEBUG] [mixin/]: Mixing RecipeProviderAccessor from botania_xplat.mixins.json into net.minecraft.data.recipes.RecipeProvider
[049月2025 22:03:50.734] [main/DEBUG] [mixin/]: Renaming @Invoker method botania_condition([Lnet/minecraft/advancements/critereon/ItemPredicate;)Lnet/minecraft/advancements/critereon/InventoryChangeTrigger$TriggerInstance; to botania_condition_$md$873b50$0 in botania_xplat.mixins.json:RecipeProviderAccessor
[049月2025 22:03:50.915] [main/INFO] [net.minecraft.data.DataGenerator/]: Starting provider: Registries
[049月2025 22:03:50.964] [main/INFO] [net.minecraft.data.DataGenerator/]: Registries finished after 48 ms
[049月2025 22:03:50.964] [main/INFO] [net.minecraft.data.DataGenerator/]: All providers took: 49 ms
[049月2025 22:03:50.979] [main/INFO] [net.minecraft.data.HashCache/]: Caching: total files: 17, old count: 11, new count: 18, removed stale: 0, written: 6
